2026-05-01 22:53:01 [main] INFO  Infra.SwaggerApplication - Starting SwaggerApplication using Java 26.0.1 with PID 18452 (C:\Users\kaua-\OneDrive\Área de Trabalho\Library\Teste1\target\classes started by kaua- in C:\Users\kaua-\OneDrive\Área de Trabalho\Library\Teste1)
2026-05-01 22:53:01 [main] INFO  Infra.SwaggerApplication - No active profile set, falling back to 1 default profile: "default"
2026-05-01 22:53:01 [main] INFO  o.s.d.r.c.RepositoryConfigurationDelegate - Bootstrapping Spring Data JPA repositories in DEFAULT mode.
2026-05-01 22:53:01 [main] INFO  o.s.d.r.c.RepositoryConfigurationDelegate - Finished Spring Data repository scanning in 18 ms. Found 2 JPA repository interfaces.
2026-05-01 22:53:02 [main] INFO  o.s.b.w.e.tomcat.TomcatWebServer - Tomcat initialized with port 8080 (http)
2026-05-01 22:53:02 [main] INFO  o.a.catalina.core.StandardService - Starting service [Tomcat]
2026-05-01 22:53:02 [main] INFO  o.a.catalina.core.StandardEngine - Starting Servlet engine: [Apache Tomcat/10.1.20]
2026-05-01 22:53:02 [main] INFO  o.a.c.c.C.[Tomcat].[localhost].[/] - Initializing Spring embedded WebApplicationContext
2026-05-01 22:53:02 [main] INFO  o.s.b.w.s.c.ServletWebServerApplicationContext - Root WebApplicationContext: initialization completed in 672 ms
2026-05-01 22:53:02 [main] INFO  o.h.jpa.internal.util.LogHelper - HHH000204: Processing PersistenceUnitInfo [name: default]
2026-05-01 22:53:02 [main] INFO  org.hibernate.Version - HHH000412: Hibernate ORM core version 6.4.4.Final
2026-05-01 22:53:02 [main] INFO  o.h.c.i.RegionFactoryInitiator - HHH000026: Second-level cache disabled
2026-05-01 22:53:02 [main] INFO  o.s.o.j.p.SpringPersistenceUnitInfo - No LoadTimeWeaver setup: ignoring JPA class transformer
2026-05-01 22:53:02 [main] INFO  com.zaxxer.hikari.HikariDataSource - HikariPool-1 - Starting...
2026-05-01 22:53:02 [main] INFO  com.zaxxer.hikari.pool.HikariPool - HikariPool-1 - Added connection com.mysql.cj.jdbc.ConnectionImpl@52a67293
2026-05-01 22:53:02 [main] INFO  com.zaxxer.hikari.HikariDataSource - HikariPool-1 - Start completed.
2026-05-01 22:53:03 [main] INFO  o.h.e.t.j.p.i.JtaPlatformInitiator - HHH000489: No JTA platform available (set 'hibernate.transaction.jta.platform' to enable JTA platform integration)
2026-05-01 22:53:03 [main] INFO  o.s.o.j.LocalContainerEntityManagerFactoryBean - Initialized JPA EntityManagerFactory for persistence unit 'default'
2026-05-01 22:53:03 [main] WARN  o.s.b.a.o.j.JpaBaseConfiguration$JpaWebConfiguration - spring.jpa.open-in-view is enabled by default. Therefore, database queries may be performed during view rendering. Explicitly configure spring.jpa.open-in-view to disable this warning
2026-05-01 22:53:03 [main] INFO  o.s.b.w.e.tomcat.TomcatWebServer - Tomcat started on port 8080 (http) with context path ''
2026-05-01 22:53:03 [main] INFO  Infra.SwaggerApplication - Started SwaggerApplication in 2.34 seconds (process running for 2.65)
2026-05-01 22:53:14 [http-nio-8080-exec-1] INFO  o.a.c.c.C.[Tomcat].[localhost].[/] - Initializing Spring DispatcherServlet 'dispatcherServlet'
2026-05-01 22:53:14 [http-nio-8080-exec-1] INFO  o.s.web.servlet.DispatcherServlet - Initializing Servlet 'dispatcherServlet'
2026-05-01 22:53:14 [http-nio-8080-exec-1] INFO  o.s.web.servlet.DispatcherServlet - Completed initialization in 1 ms
2026-05-01 22:53:14 [http-nio-8080-exec-1] INFO  Controllers.UserController - Removendo usuário ID: 20
2026-05-01 22:53:14 [http-nio-8080-exec-1] INFO  AppService.UserService - Removendo usuário com ID: 20
2026-05-01 22:53:14 [http-nio-8080-exec-1] ERROR o.a.c.c.C.[.[.[.[dispatcherServlet] - Servlet.service() for servlet [dispatcherServlet] in context with path [] threw exception [Request processing failed: java.lang.RuntimeException: Usuário não encontrado] with root cause
java.lang.RuntimeException: Usuário não encontrado
	at AppService.UserService.deletarUsuario(UserService.java:44)
	at java.base/jdk.internal.reflect.DirectMethodHandleAccessor.invoke(DirectMethodHandleAccessor.java:104)
	at java.base/java.lang.reflect.Method.invoke(Method.java:565)
	at org.springframework.aop.support.AopUtils.invokeJoinpointUsingReflection(AopUtils.java:354)
	at org.springframework.aop.framework.ReflectiveMethodInvocation.invokeJoinpoint(ReflectiveMethodInvocation.java:196)
	at org.springframework.aop.framework.ReflectiveMethodInvocation.proceed(ReflectiveMethodInvocation.java:163)
	at org.springframework.aop.framework.CglibAopProxy$CglibMethodInvocation.proceed(CglibAopProxy.java:768)
	at org.springframework.transaction.interceptor.TransactionInterceptor$1.proceedWithInvocation(TransactionInterceptor.java:123)
	at org.springframework.transaction.interceptor.TransactionAspectSupport.invokeWithinTransaction(TransactionAspectSupport.java:392)
	at org.springframework.transaction.interceptor.TransactionInterceptor.invoke(TransactionInterceptor.java:119)
	at org.springframework.aop.framework.ReflectiveMethodInvocation.proceed(ReflectiveMethodInvocation.java:184)
	at org.springframework.aop.framework.CglibAopProxy$CglibMethodInvocation.proceed(CglibAopProxy.java:768)
	at org.springframework.aop.framework.CglibAopProxy$DynamicAdvisedInterceptor.intercept(CglibAopProxy.java:720)
	at AppService.UserService$$SpringCGLIB$$0.deletarUsuario(<generated>)
	at Controllers.UserController.deletarUsuario(UserController.java:51)
	at java.base/jdk.internal.reflect.DirectMethodHandleAccessor.invoke(DirectMethodHandleAccessor.java:104)
	at java.base/java.lang.reflect.Method.invoke(Method.java:565)
	at org.springframework.web.method.support.InvocableHandlerMethod.doInvoke(InvocableHandlerMethod.java:255)
	at org.springframework.web.method.support.InvocableHandlerMethod.invokeForRequest(InvocableHandlerMethod.java:188)
	at org.springframework.web.servlet.mvc.method.annotation.ServletInvocableHandlerMethod.invokeAndHandle(ServletInvocableHandlerMethod.java:118)
	at org.springframework.web.servlet.mvc.method.annotation.RequestMappingHandlerAdapter.invokeHandlerMethod(RequestMappingHandlerAdapter.java:926)
	at org.springframework.web.servlet.mvc.method.annotation.RequestMappingHandlerAdapter.handleInternal(RequestMappingHandlerAdapter.java:831)
	at org.springframework.web.servlet.mvc.method.AbstractHandlerMethodAdapter.handle(AbstractHandlerMethodAdapter.java:87)
	at org.springframework.web.servlet.DispatcherServlet.doDispatch(DispatcherServlet.java:1089)
	at org.springframework.web.servlet.DispatcherServlet.doService(DispatcherServlet.java:979)
	at org.springframework.web.servlet.FrameworkServlet.processRequest(FrameworkServlet.java:1014)
	at org.springframework.web.servlet.FrameworkServlet.doDelete(FrameworkServlet.java:936)
	at jakarta.servlet.http.HttpServlet.service(HttpServlet.java:596)
	at org.springframework.web.servlet.FrameworkServlet.service(FrameworkServlet.java:885)
	at jakarta.servlet.http.HttpServlet.service(HttpServlet.java:658)
	at org.apache.catalina.core.ApplicationFilterChain.internalDoFilter(ApplicationFilterChain.java:206)
	at org.apache.catalina.core.ApplicationFilterChain.doFilter(ApplicationFilterChain.java:150)
	at org.apache.tomcat.websocket.server.WsFilter.doFilter(WsFilter.java:51)
	at org.apache.catalina.core.ApplicationFilterChain.internalDoFilter(ApplicationFilterChain.java:175)
	at org.apache.catalina.core.ApplicationFilterChain.doFilter(ApplicationFilterChain.java:150)
	at org.springframework.web.filter.RequestContextFilter.doFilterInternal(RequestContextFilter.java:100)
	at org.springframework.web.filter.OncePerRequestFilter.doFilter(OncePerRequestFilter.java:116)
	at org.apache.catalina.core.ApplicationFilterChain.internalDoFilter(ApplicationFilterChain.java:175)
	at org.apache.catalina.core.ApplicationFilterChain.doFilter(ApplicationFilterChain.java:150)
	at org.springframework.web.filter.FormContentFilter.doFilterInternal(FormContentFilter.java:93)
	at org.springframework.web.filter.OncePerRequestFilter.doFilter(OncePerRequestFilter.java:116)
	at org.apache.catalina.core.ApplicationFilterChain.internalDoFilter(ApplicationFilterChain.java:175)
	at org.apache.catalina.core.ApplicationFilterChain.doFilter(ApplicationFilterChain.java:150)
	at org.springframework.web.filter.CharacterEncodingFilter.doFilterInternal(CharacterEncodingFilter.java:201)
	at org.springframework.web.filter.OncePerRequestFilter.doFilter(OncePerRequestFilter.java:116)
	at org.apache.catalina.core.ApplicationFilterChain.internalDoFilter(ApplicationFilterChain.java:175)
	at org.apache.catalina.core.ApplicationFilterChain.doFilter(ApplicationFilterChain.java:150)
	at org.apache.catalina.core.StandardWrapperValve.invoke(StandardWrapperValve.java:167)
	at org.apache.catalina.core.StandardContextValve.invoke(StandardContextValve.java:90)
	at org.apache.catalina.authenticator.AuthenticatorBase.invoke(AuthenticatorBase.java:482)
	at org.apache.catalina.core.StandardHostValve.invoke(StandardHostValve.java:115)
	at org.apache.catalina.valves.ErrorReportValve.invoke(ErrorReportValve.java:93)
	at org.apache.catalina.core.StandardEngineValve.invoke(StandardEngineValve.java:74)
	at org.apache.catalina.connector.CoyoteAdapter.service(CoyoteAdapter.java:344)
	at org.apache.coyote.http11.Http11Processor.service(Http11Processor.java:391)
	at org.apache.coyote.AbstractProcessorLight.process(AbstractProcessorLight.java:63)
	at org.apache.coyote.AbstractProtocol$ConnectionHandler.process(AbstractProtocol.java:896)
	at org.apache.tomcat.util.net.NioEndpoint$SocketProcessor.doRun(NioEndpoint.java:1736)
	at org.apache.tomcat.util.net.SocketProcessorBase.run(SocketProcessorBase.java:52)
	at org.apache.tomcat.util.threads.ThreadPoolExecutor.runWorker(ThreadPoolExecutor.java:1191)
	at org.apache.tomcat.util.threads.ThreadPoolExecutor$Worker.run(ThreadPoolExecutor.java:659)
	at org.apache.tomcat.util.threads.TaskThread$WrappingRunnable.run(TaskThread.java:63)
	at java.base/java.lang.Thread.run(Thread.java:1516)
2026-05-01 22:59:16 [SpringApplicationShutdownHook] INFO  o.s.o.j.LocalContainerEntityManagerFactoryBean - Closing JPA EntityManagerFactory for persistence unit 'default'
2026-05-01 22:59:16 [SpringApplicationShutdownHook] INFO  com.zaxxer.hikari.HikariDataSource - HikariPool-1 - Shutdown initiated...
2026-05-01 22:59:16 [SpringApplicationShutdownHook] INFO  com.zaxxer.hikari.HikariDataSource - HikariPool-1 - Shutdown completed.
2026-05-01 22:59:18 INFO  I.SwaggerApplication : Starting SwaggerApplication using Java 26.0.1 with PID 17592 (C:\Users\kaua-\OneDrive\Área de Trabalho\Library\Teste1\target\classes started by kaua- in C:\Users\kaua-\OneDrive\Área de Trabalho\Library\Teste1)
2026-05-01 22:59:18 INFO  I.SwaggerApplication : No active profile set, falling back to 1 default profile: "default"
2026-05-01 22:59:19 INFO  o.a.c.c.StandardService : Starting service [Tomcat]
2026-05-01 22:59:19 INFO  o.a.c.c.StandardEngine : Starting Servlet engine: [Apache Tomcat/10.1.20]
2026-05-01 22:59:19 INFO  o.a.c.c.C.[.[.[/] : Initializing Spring embedded WebApplicationContext
2026-05-01 22:59:19 INFO  c.z.h.HikariDataSource : HikariPool-1 - Starting...
2026-05-01 22:59:19 INFO  c.z.h.p.HikariPool : HikariPool-1 - Added connection com.mysql.cj.jdbc.ConnectionImpl@455f4483
2026-05-01 22:59:19 INFO  c.z.h.HikariDataSource : HikariPool-1 - Start completed.
2026-05-01 22:59:20 INFO  I.SwaggerApplication : Started SwaggerApplication in 2.361 seconds (process running for 2.678)
2026-05-01 22:59:22 INFO  o.a.c.c.C.[.[.[/] : Initializing Spring DispatcherServlet 'dispatcherServlet'
2026-05-01 22:59:23 INFO  o.s.a.AbstractOpenApiResource : Init duration for springdoc-openapi is: 136 ms
2026-05-01 22:59:29 INFO  C.UserController : Removendo usuário ID: 90
2026-05-01 22:59:29 INFO  A.UserService : Removendo usuário com ID: 90
2026-05-01 22:59:29 ERROR o.a.c.c.C.[.[.[.[dispatcherServlet] : Servlet.service() for servlet [dispatcherServlet] in context with path [] threw exception [Request processing failed: java.lang.RuntimeException: Usuário não encontrado] with root cause
java.lang.RuntimeException: Usuário não encontrado
	at AppService.UserService.deletarUsuario(UserService.java:44)
	at java.base/jdk.internal.reflect.DirectMethodHandleAccessor.invoke(DirectMethodHandleAccessor.java:104)
	at java.base/java.lang.reflect.Method.invoke(Method.java:565)
	at org.springframework.aop.support.AopUtils.invokeJoinpointUsingReflection(AopUtils.java:354)
	at org.springframework.aop.framework.ReflectiveMethodInvocation.invokeJoinpoint(ReflectiveMethodInvocation.java:196)
	at org.springframework.aop.framework.ReflectiveMethodInvocation.proceed(ReflectiveMethodInvocation.java:163)
	at org.springframework.aop.framework.CglibAopProxy$CglibMethodInvocation.proceed(CglibAopProxy.java:768)
	at org.springframework.transaction.interceptor.TransactionInterceptor$1.proceedWithInvocation(TransactionInterceptor.java:123)
	at org.springframework.transaction.interceptor.TransactionAspectSupport.invokeWithinTransaction(TransactionAspectSupport.java:392)
	at org.springframework.transaction.interceptor.TransactionInterceptor.invoke(TransactionInterceptor.java:119)
	at org.springframework.aop.framework.ReflectiveMethodInvocation.proceed(ReflectiveMethodInvocation.java:184)
	at org.springframework.aop.framework.CglibAopProxy$CglibMethodInvocation.proceed(CglibAopProxy.java:768)
	at org.springframework.aop.framework.CglibAopProxy$DynamicAdvisedInterceptor.intercept(CglibAopProxy.java:720)
	at AppService.UserService$$SpringCGLIB$$0.deletarUsuario(<generated>)
	at Controllers.UserController.deletarUsuario(UserController.java:51)
	at java.base/jdk.internal.reflect.DirectMethodHandleAccessor.invoke(DirectMethodHandleAccessor.java:104)
	at java.base/java.lang.reflect.Method.invoke(Method.java:565)
	at org.springframework.web.method.support.InvocableHandlerMethod.doInvoke(InvocableHandlerMethod.java:255)
	at org.springframework.web.method.support.InvocableHandlerMethod.invokeForRequest(InvocableHandlerMethod.java:188)
	at org.springframework.web.servlet.mvc.method.annotation.ServletInvocableHandlerMethod.invokeAndHandle(ServletInvocableHandlerMethod.java:118)
	at org.springframework.web.servlet.mvc.method.annotation.RequestMappingHandlerAdapter.invokeHandlerMethod(RequestMappingHandlerAdapter.java:926)
	at org.springframework.web.servlet.mvc.method.annotation.RequestMappingHandlerAdapter.handleInternal(RequestMappingHandlerAdapter.java:831)
	at org.springframework.web.servlet.mvc.method.AbstractHandlerMethodAdapter.handle(AbstractHandlerMethodAdapter.java:87)
	at org.springframework.web.servlet.DispatcherServlet.doDispatch(DispatcherServlet.java:1089)
	at org.springframework.web.servlet.DispatcherServlet.doService(DispatcherServlet.java:979)
	at org.springframework.web.servlet.FrameworkServlet.processRequest(FrameworkServlet.java:1014)
	at org.springframework.web.servlet.FrameworkServlet.doDelete(FrameworkServlet.java:936)
	at jakarta.servlet.http.HttpServlet.service(HttpServlet.java:596)
	at org.springframework.web.servlet.FrameworkServlet.service(FrameworkServlet.java:885)
	at jakarta.servlet.http.HttpServlet.service(HttpServlet.java:658)
	at org.apache.catalina.core.ApplicationFilterChain.internalDoFilter(ApplicationFilterChain.java:206)
	at org.apache.catalina.core.ApplicationFilterChain.doFilter(ApplicationFilterChain.java:150)
	at org.apache.tomcat.websocket.server.WsFilter.doFilter(WsFilter.java:51)
	at org.apache.catalina.core.ApplicationFilterChain.internalDoFilter(ApplicationFilterChain.java:175)
	at org.apache.catalina.core.ApplicationFilterChain.doFilter(ApplicationFilterChain.java:150)
	at org.springframework.web.filter.RequestContextFilter.doFilterInternal(RequestContextFilter.java:100)
	at org.springframework.web.filter.OncePerRequestFilter.doFilter(OncePerRequestFilter.java:116)
	at org.apache.catalina.core.ApplicationFilterChain.internalDoFilter(ApplicationFilterChain.java:175)
	at org.apache.catalina.core.ApplicationFilterChain.doFilter(ApplicationFilterChain.java:150)
	at org.springframework.web.filter.FormContentFilter.doFilterInternal(FormContentFilter.java:93)
	at org.springframework.web.filter.OncePerRequestFilter.doFilter(OncePerRequestFilter.java:116)
	at org.apache.catalina.core.ApplicationFilterChain.internalDoFilter(ApplicationFilterChain.java:175)
	at org.apache.catalina.core.ApplicationFilterChain.doFilter(ApplicationFilterChain.java:150)
	at org.springframework.web.filter.CharacterEncodingFilter.doFilterInternal(CharacterEncodingFilter.java:201)
	at org.springframework.web.filter.OncePerRequestFilter.doFilter(OncePerRequestFilter.java:116)
	at org.apache.catalina.core.ApplicationFilterChain.internalDoFilter(ApplicationFilterChain.java:175)
	at org.apache.catalina.core.ApplicationFilterChain.doFilter(ApplicationFilterChain.java:150)
	at org.apache.catalina.core.StandardWrapperValve.invoke(StandardWrapperValve.java:167)
	at org.apache.catalina.core.StandardContextValve.invoke(StandardContextValve.java:90)
	at org.apache.catalina.authenticator.AuthenticatorBase.invoke(AuthenticatorBase.java:482)
	at org.apache.catalina.core.StandardHostValve.invoke(StandardHostValve.java:115)
	at org.apache.catalina.valves.ErrorReportValve.invoke(ErrorReportValve.java:93)
	at org.apache.catalina.core.StandardEngineValve.invoke(StandardEngineValve.java:74)
	at org.apache.catalina.connector.CoyoteAdapter.service(CoyoteAdapter.java:344)
	at org.apache.coyote.http11.Http11Processor.service(Http11Processor.java:391)
	at org.apache.coyote.AbstractProcessorLight.process(AbstractProcessorLight.java:63)
	at org.apache.coyote.AbstractProtocol$ConnectionHandler.process(AbstractProtocol.java:896)
	at org.apache.tomcat.util.net.NioEndpoint$SocketProcessor.doRun(NioEndpoint.java:1736)
	at org.apache.tomcat.util.net.SocketProcessorBase.run(SocketProcessorBase.java:52)
	at org.apache.tomcat.util.threads.ThreadPoolExecutor.runWorker(ThreadPoolExecutor.java:1191)
	at org.apache.tomcat.util.threads.ThreadPoolExecutor$Worker.run(ThreadPoolExecutor.java:659)
	at org.apache.tomcat.util.threads.TaskThread$WrappingRunnable.run(TaskThread.java:63)
	at java.base/java.lang.Thread.run(Thread.java:1516)
2026-05-01 23:01:29 INFO  c.z.h.HikariDataSource : HikariPool-1 - Shutdown initiated...
2026-05-01 23:01:29 INFO  c.z.h.HikariDataSource : HikariPool-1 - Shutdown completed.
2026-05-04 09:39:47 INFO  I.SwaggerApplication : Starting SwaggerApplication using Java 26.0.1 with PID 20268 (C:\Users\kaua.moraes\Desktop\Library\library.backend\Library_Production\target\classes started by kaua.moraes in C:\Users\kaua.moraes\Desktop\Library\library.backend\Library_Production)
2026-05-04 09:39:47 INFO  I.SwaggerApplication : No active profile set, falling back to 1 default profile: "default"
2026-05-04 09:39:49 INFO  o.a.c.c.StandardService : Starting service [Tomcat]
2026-05-04 09:39:49 INFO  o.a.c.c.StandardEngine : Starting Servlet engine: [Apache Tomcat/10.1.20]
2026-05-04 09:39:49 INFO  o.a.c.c.C.[.[.[/] : Initializing Spring embedded WebApplicationContext
2026-05-04 09:39:49 INFO  c.z.h.HikariDataSource : HikariPool-1 - Starting...
2026-05-04 09:39:51 ERROR c.z.h.p.HikariPool : HikariPool-1 - Exception during pool initialization.
java.sql.SQLSyntaxErrorException: Unknown database 'library'
	at com.mysql.cj.jdbc.exceptions.SQLError.createSQLException(SQLError.java:121)
	at com.mysql.cj.jdbc.exceptions.SQLExceptionsMapping.translateException(SQLExceptionsMapping.java:122)
	at com.mysql.cj.jdbc.ConnectionImpl.createNewIO(ConnectionImpl.java:815)
	at com.mysql.cj.jdbc.ConnectionImpl.<init>(ConnectionImpl.java:438)
	at com.mysql.cj.jdbc.ConnectionImpl.getInstance(ConnectionImpl.java:241)
	at com.mysql.cj.jdbc.NonRegisteringDriver.connect(NonRegisteringDriver.java:189)
	at com.zaxxer.hikari.util.DriverDataSource.getConnection(DriverDataSource.java:138)
	at com.zaxxer.hikari.pool.PoolBase.newConnection(PoolBase.java:359)
	at com.zaxxer.hikari.pool.PoolBase.newPoolEntry(PoolBase.java:201)
	at com.zaxxer.hikari.pool.HikariPool.createPoolEntry(HikariPool.java:470)
	at com.zaxxer.hikari.pool.HikariPool.checkFailFast(HikariPool.java:561)
	at com.zaxxer.hikari.pool.HikariPool.<init>(HikariPool.java:100)
	at com.zaxxer.hikari.HikariDataSource.getConnection(HikariDataSource.java:112)
	at org.hibernate.engine.jdbc.connections.internal.DatasourceConnectionProviderImpl.getConnection(DatasourceConnectionProviderImpl.java:122)
	at org.hibernate.engine.jdbc.env.internal.JdbcEnvironmentInitiator$ConnectionProviderJdbcConnectionAccess.obtainConnection(JdbcEnvironmentInitiator.java:428)
	at org.hibernate.resource.transaction.backend.jdbc.internal.JdbcIsolationDelegate.delegateWork(JdbcIsolationDelegate.java:61)
	at org.hibernate.engine.jdbc.env.internal.JdbcEnvironmentInitiator.getJdbcEnvironmentUsingJdbcMetadata(JdbcEnvironmentInitiator.java:276)
	at org.hibernate.engine.jdbc.env.internal.JdbcEnvironmentInitiator.initiateService(JdbcEnvironmentInitiator.java:107)
	at org.hibernate.engine.jdbc.env.internal.JdbcEnvironmentInitiator.initiateService(JdbcEnvironmentInitiator.java:68)
	at org.hibernate.boot.registry.internal.StandardServiceRegistryImpl.initiateService(StandardServiceRegistryImpl.java:130)
	at org.hibernate.service.internal.AbstractServiceRegistryImpl.createService(AbstractServiceRegistryImpl.java:263)
	at org.hibernate.service.internal.AbstractServiceRegistryImpl.initializeService(AbstractServiceRegistryImpl.java:238)
	at org.hibernate.service.internal.AbstractServiceRegistryImpl.getService(AbstractServiceRegistryImpl.java:215)
	at org.hibernate.boot.model.relational.Database.<init>(Database.java:45)
	at org.hibernate.boot.internal.InFlightMetadataCollectorImpl.getDatabase(InFlightMetadataCollectorImpl.java:223)
	at org.hibernate.boot.internal.InFlightMetadataCollectorImpl.<init>(InFlightMetadataCollectorImpl.java:191)
	at org.hibernate.boot.model.process.spi.MetadataBuildingProcess.complete(MetadataBuildingProcess.java:170)
	at org.hibernate.jpa.boot.internal.EntityManagerFactoryBuilderImpl.metadata(EntityManagerFactoryBuilderImpl.java:1432)
	at org.hibernate.jpa.boot.internal.EntityManagerFactoryBuilderImpl.build(EntityManagerFactoryBuilderImpl.java:1503)
	at org.springframework.orm.jpa.vendor.SpringHibernateJpaPersistenceProvider.createContainerEntityManagerFactory(SpringHibernateJpaPersistenceProvider.java:75)
	at org.springframework.orm.jpa.LocalContainerEntityManagerFactoryBean.createNativeEntityManagerFactory(LocalContainerEntityManagerFactoryBean.java:390)
	at org.springframework.orm.jpa.AbstractEntityManagerFactoryBean.buildNativeEntityManagerFactory(AbstractEntityManagerFactoryBean.java:409)
	at org.springframework.orm.jpa.AbstractEntityManagerFactoryBean.afterPropertiesSet(AbstractEntityManagerFactoryBean.java:396)
	at org.springframework.orm.jpa.LocalContainerEntityManagerFactoryBean.afterPropertiesSet(LocalContainerEntityManagerFactoryBean.java:366)
	at org.springframework.beans.factory.support.AbstractAutowireCapableBeanFactory.invokeInitMethods(AbstractAutowireCapableBeanFactory.java:1833)
	at org.springframework.beans.factory.support.AbstractAutowireCapableBeanFactory.initializeBean(AbstractAutowireCapableBeanFactory.java:1782)
	at org.springframework.beans.factory.support.AbstractAutowireCapableBeanFactory.doCreateBean(AbstractAutowireCapableBeanFactory.java:600)
	at org.springframework.beans.factory.support.AbstractAutowireCapableBeanFactory.createBean(AbstractAutowireCapableBeanFactory.java:522)
	at org.springframework.beans.factory.support.AbstractBeanFactory.lambda$doGetBean$0(AbstractBeanFactory.java:326)
	at org.springframework.beans.factory.support.DefaultSingletonBeanRegistry.getSingleton(DefaultSingletonBeanRegistry.java:234)
	at org.springframework.beans.factory.support.AbstractBeanFactory.doGetBean(AbstractBeanFactory.java:324)
	at org.springframework.beans.factory.support.AbstractBeanFactory.getBean(AbstractBeanFactory.java:200)
	at org.springframework.context.support.AbstractApplicationContext.getBean(AbstractApplicationContext.java:1234)
	at org.springframework.context.support.AbstractApplicationContext.finishBeanFactoryInitialization(AbstractApplicationContext.java:952)
	at org.springframework.context.support.AbstractApplicationContext.refresh(AbstractApplicationContext.java:624)
	at org.springframework.boot.web.servlet.context.ServletWebServerApplicationContext.refresh(ServletWebServerApplicationContext.java:146)
	at org.springframework.boot.SpringApplication.refresh(SpringApplication.java:754)
	at org.springframework.boot.SpringApplication.refreshContext(SpringApplication.java:456)
	at org.springframework.boot.SpringApplication.run(SpringApplication.java:334)
	at org.springframework.boot.SpringApplication.run(SpringApplication.java:1354)
	at org.springframework.boot.SpringApplication.run(SpringApplication.java:1343)
	at Infra.SwaggerApplication.main(SwaggerApplication.java:13)
2026-05-04 09:39:51 ERROR o.s.o.j.LocalContainerEntityManagerFactoryBean : Failed to initialize JPA EntityManagerFactory: Unable to create requested service [org.hibernate.engine.jdbc.env.spi.JdbcEnvironment] due to: Unable to determine Dialect without JDBC metadata (please set 'jakarta.persistence.jdbc.url' for common cases or 'hibernate.dialect' when a custom Dialect implementation must be provided)
2026-05-04 09:39:51 INFO  o.a.c.c.StandardService : Stopping service [Tomcat]
2026-05-04 09:39:51 ERROR o.s.b.SpringApplication : Application run failed
org.springframework.beans.factory.BeanCreationException: Error creating bean with name 'entityManagerFactory' defined in class path resource [org/springframework/boot/autoconfigure/orm/jpa/HibernateJpaConfiguration.class]: Unable to create requested service [org.hibernate.engine.jdbc.env.spi.JdbcEnvironment] due to: Unable to determine Dialect without JDBC metadata (please set 'jakarta.persistence.jdbc.url' for common cases or 'hibernate.dialect' when a custom Dialect implementation must be provided)
	at org.springframework.beans.factory.support.AbstractAutowireCapableBeanFactory.initializeBean(AbstractAutowireCapableBeanFactory.java:1786)
	at org.springframework.beans.factory.support.AbstractAutowireCapableBeanFactory.doCreateBean(AbstractAutowireCapableBeanFactory.java:600)
	at org.springframework.beans.factory.support.AbstractAutowireCapableBeanFactory.createBean(AbstractAutowireCapableBeanFactory.java:522)
	at org.springframework.beans.factory.support.AbstractBeanFactory.lambda$doGetBean$0(AbstractBeanFactory.java:326)
	at org.springframework.beans.factory.support.DefaultSingletonBeanRegistry.getSingleton(DefaultSingletonBeanRegistry.java:234)
	at org.springframework.beans.factory.support.AbstractBeanFactory.doGetBean(AbstractBeanFactory.java:324)
	at org.springframework.beans.factory.support.AbstractBeanFactory.getBean(AbstractBeanFactory.java:200)
	at org.springframework.context.support.AbstractApplicationContext.getBean(AbstractApplicationContext.java:1234)
	at org.springframework.context.support.AbstractApplicationContext.finishBeanFactoryInitialization(AbstractApplicationContext.java:952)
	at org.springframework.context.support.AbstractApplicationContext.refresh(AbstractApplicationContext.java:624)
	at org.springframework.boot.web.servlet.context.ServletWebServerApplicationContext.refresh(ServletWebServerApplicationContext.java:146)
	at org.springframework.boot.SpringApplication.refresh(SpringApplication.java:754)
	at org.springframework.boot.SpringApplication.refreshContext(SpringApplication.java:456)
	at org.springframework.boot.SpringApplication.run(SpringApplication.java:334)
	at org.springframework.boot.SpringApplication.run(SpringApplication.java:1354)
	at org.springframework.boot.SpringApplication.run(SpringApplication.java:1343)
	at Infra.SwaggerApplication.main(SwaggerApplication.java:13)
Caused by: org.hibernate.service.spi.ServiceException: Unable to create requested service [org.hibernate.engine.jdbc.env.spi.JdbcEnvironment] due to: Unable to determine Dialect without JDBC metadata (please set 'jakarta.persistence.jdbc.url' for common cases or 'hibernate.dialect' when a custom Dialect implementation must be provided)
	at org.hibernate.service.internal.AbstractServiceRegistryImpl.createService(AbstractServiceRegistryImpl.java:276)
	at org.hibernate.service.internal.AbstractServiceRegistryImpl.initializeService(AbstractServiceRegistryImpl.java:238)
	at org.hibernate.service.internal.AbstractServiceRegistryImpl.getService(AbstractServiceRegistryImpl.java:215)
	at org.hibernate.boot.model.relational.Database.<init>(Database.java:45)
	at org.hibernate.boot.internal.InFlightMetadataCollectorImpl.getDatabase(InFlightMetadataCollectorImpl.java:223)
	at org.hibernate.boot.internal.InFlightMetadataCollectorImpl.<init>(InFlightMetadataCollectorImpl.java:191)
	at org.hibernate.boot.model.process.spi.MetadataBuildingProcess.complete(MetadataBuildingProcess.java:170)
	at org.hibernate.jpa.boot.internal.EntityManagerFactoryBuilderImpl.metadata(EntityManagerFactoryBuilderImpl.java:1432)
	at org.hibernate.jpa.boot.internal.EntityManagerFactoryBuilderImpl.build(EntityManagerFactoryBuilderImpl.java:1503)
	at org.springframework.orm.jpa.vendor.SpringHibernateJpaPersistenceProvider.createContainerEntityManagerFactory(SpringHibernateJpaPersistenceProvider.java:75)
	at org.springframework.orm.jpa.LocalContainerEntityManagerFactoryBean.createNativeEntityManagerFactory(LocalContainerEntityManagerFactoryBean.java:390)
	at org.springframework.orm.jpa.AbstractEntityManagerFactoryBean.buildNativeEntityManagerFactory(AbstractEntityManagerFactoryBean.java:409)
	at org.springframework.orm.jpa.AbstractEntityManagerFactoryBean.afterPropertiesSet(AbstractEntityManagerFactoryBean.java:396)
	at org.springframework.orm.jpa.LocalContainerEntityManagerFactoryBean.afterPropertiesSet(LocalContainerEntityManagerFactoryBean.java:366)
	at org.springframework.beans.factory.support.AbstractAutowireCapableBeanFactory.invokeInitMethods(AbstractAutowireCapableBeanFactory.java:1833)
	at org.springframework.beans.factory.support.AbstractAutowireCapableBeanFactory.initializeBean(AbstractAutowireCapableBeanFactory.java:1782)
	... 16 common frames omitted
Caused by: org.hibernate.HibernateException: Unable to determine Dialect without JDBC metadata (please set 'jakarta.persistence.jdbc.url' for common cases or 'hibernate.dialect' when a custom Dialect implementation must be provided)
	at org.hibernate.engine.jdbc.dialect.internal.DialectFactoryImpl.determineDialect(DialectFactoryImpl.java:191)
	at org.hibernate.engine.jdbc.dialect.internal.DialectFactoryImpl.buildDialect(DialectFactoryImpl.java:87)
	at org.hibernate.engine.jdbc.env.internal.JdbcEnvironmentInitiator.getJdbcEnvironmentWithDefaults(JdbcEnvironmentInitiator.java:143)
	at org.hibernate.engine.jdbc.env.internal.JdbcEnvironmentInitiator.getJdbcEnvironmentUsingJdbcMetadata(JdbcEnvironmentInitiator.java:348)
	at org.hibernate.engine.jdbc.env.internal.JdbcEnvironmentInitiator.initiateService(JdbcEnvironmentInitiator.java:107)
	at org.hibernate.engine.jdbc.env.internal.JdbcEnvironmentInitiator.initiateService(JdbcEnvironmentInitiator.java:68)
	at org.hibernate.boot.registry.internal.StandardServiceRegistryImpl.initiateService(StandardServiceRegistryImpl.java:130)
	at org.hibernate.service.internal.AbstractServiceRegistryImpl.createService(AbstractServiceRegistryImpl.java:263)
	... 31 common frames omitted
2026-05-04 09:48:34 INFO  I.SwaggerApplication : Starting SwaggerApplication using Java 26.0.1 with PID 15328 (C:\Users\kaua.moraes\Desktop\Library\library.backend\Library_Production\target\classes started by kaua.moraes in C:\Users\kaua.moraes\Desktop\Library\library.backend\Library_Production)
2026-05-04 09:48:34 INFO  I.SwaggerApplication : No active profile set, falling back to 1 default profile: "default"
2026-05-04 09:48:36 INFO  o.a.c.c.StandardService : Starting service [Tomcat]
2026-05-04 09:48:36 INFO  o.a.c.c.StandardEngine : Starting Servlet engine: [Apache Tomcat/10.1.20]
2026-05-04 09:48:36 INFO  o.a.c.c.C.[.[.[/] : Initializing Spring embedded WebApplicationContext
2026-05-04 09:48:37 INFO  c.z.h.HikariDataSource : HikariPool-1 - Starting...
2026-05-04 09:48:37 INFO  c.z.h.p.HikariPool : HikariPool-1 - Added connection com.mysql.cj.jdbc.ConnectionImpl@54be6213
2026-05-04 09:48:37 INFO  c.z.h.HikariDataSource : HikariPool-1 - Start completed.
2026-05-04 09:48:40 INFO  I.SwaggerApplication : Started SwaggerApplication in 6.298 seconds (process running for 7.402)
2026-05-04 09:52:37 INFO  o.a.c.c.C.[.[.[/] : Initializing Spring DispatcherServlet 'dispatcherServlet'
2026-05-04 09:52:38 INFO  o.s.a.AbstractOpenApiResource : Init duration for springdoc-openapi is: 358 ms
2026-05-04 09:52:56 INFO  C.UserController : Iniciando persistência do usuário: 123
2026-05-04 09:52:56 INFO  A.UserService : Persistindo usuário: kaua
2026-05-04 09:53:54 INFO  C.UserController : Iniciando persistência do usuário: 123
2026-05-04 09:53:54 INFO  A.UserService : Persistindo usuário: kauas
2026-05-04 09:54:31 INFO  C.UserController : Chamando listagem de usuários do banco.
2026-05-04 09:54:31 INFO  A.UserService : Buscando todos os usuários no banco de dados
2026-05-04 09:54:41 INFO  C.UserController : Removendo usuário ID: 2
2026-05-04 09:54:41 INFO  A.UserService : Removendo usuário com ID: 2
2026-05-04 09:54:45 INFO  C.UserController : Chamando listagem de usuários do banco.
2026-05-04 09:54:45 INFO  A.UserService : Buscando todos os usuários no banco de dados
2026-05-04 09:54:55 INFO  C.UserController : Atualizando dados do usuário ID: 1
2026-05-04 09:54:55 INFO  A.UserService : Persistindo usuário: string
2026-05-04 09:55:04 INFO  C.UserController : Chamando listagem de usuários do banco.
2026-05-04 09:55:04 INFO  A.UserService : Buscando todos os usuários no banco de dados
2026-05-04 09:55:19 INFO  C.UserController : Iniciando persistência do usuário: 123
2026-05-04 09:55:19 INFO  A.UserService : Persistindo usuário: kauas
2026-05-04 09:55:19 ERROR o.h.e.j.s.SqlExceptionHelper : Column 'Password' cannot be null
2026-05-04 09:55:19 ERROR o.a.c.c.C.[.[.[.[dispatcherServlet] : Servlet.service() for servlet [dispatcherServlet] in context with path [] threw exception [Request processing failed: org.springframework.dao.DataIntegrityViolationException: could not execute statement [Column 'Password' cannot be null] [insert into user (creation_date,is_active,name,password,profile_id,username) values (?,?,?,?,?,?)]; SQL [insert into user (creation_date,is_active,name,password,profile_id,username) values (?,?,?,?,?,?)]; constraint [null]] with root cause
java.sql.SQLIntegrityConstraintViolationException: Column 'Password' cannot be null
	at com.mysql.cj.jdbc.exceptions.SQLError.createSQLException(SQLError.java:118)
	at com.mysql.cj.jdbc.exceptions.SQLExceptionsMapping.translateException(SQLExceptionsMapping.java:122)
	at com.mysql.cj.jdbc.ClientPreparedStatement.executeInternal(ClientPreparedStatement.java:912)
	at com.mysql.cj.jdbc.ClientPreparedStatement.executeUpdateInternal(ClientPreparedStatement.java:1054)
	at com.mysql.cj.jdbc.ClientPreparedStatement.executeUpdateInternal(ClientPreparedStatement.java:1003)
	at com.mysql.cj.jdbc.ClientPreparedStatement.executeLargeUpdate(ClientPreparedStatement.java:1312)
	at com.mysql.cj.jdbc.ClientPreparedStatement.executeUpdate(ClientPreparedStatement.java:988)
	at com.zaxxer.hikari.pool.ProxyPreparedStatement.executeUpdate(ProxyPreparedStatement.java:61)
	at com.zaxxer.hikari.pool.HikariProxyPreparedStatement.executeUpdate(HikariProxyPreparedStatement.java)
	at org.hibernate.engine.jdbc.internal.ResultSetReturnImpl.executeUpdate(ResultSetReturnImpl.java:194)
	at org.hibernate.id.insert.GetGeneratedKeysDelegate.performInsert(GetGeneratedKeysDelegate.java:107)
	at org.hibernate.engine.jdbc.mutation.internal.MutationExecutorPostInsertSingleTable.execute(MutationExecutorPostInsertSingleTable.java:100)
	at org.hibernate.persister.entity.mutation.InsertCoordinator.doStaticInserts(InsertCoordinator.java:175)
	at org.hibernate.persister.entity.mutation.InsertCoordinator.coordinateInsert(InsertCoordinator.java:113)
	at org.hibernate.persister.entity.AbstractEntityPersister.insert(AbstractEntityPersister.java:2868)
	at org.hibernate.action.internal.EntityIdentityInsertAction.execute(EntityIdentityInsertAction.java:81)
	at org.hibernate.engine.spi.ActionQueue.execute(ActionQueue.java:670)
	at org.hibernate.engine.spi.ActionQueue.addResolvedEntityInsertAction(ActionQueue.java:291)
	at org.hibernate.engine.spi.ActionQueue.addInsertAction(ActionQueue.java:272)
	at org.hibernate.engine.spi.ActionQueue.addAction(ActionQueue.java:322)
	at org.hibernate.event.internal.AbstractSaveEventListener.addInsertAction(AbstractSaveEventListener.java:386)
	at org.hibernate.event.internal.AbstractSaveEventListener.performSaveOrReplicate(AbstractSaveEventListener.java:300)
	at org.hibernate.event.internal.AbstractSaveEventListener.performSave(AbstractSaveEventListener.java:219)
	at org.hibernate.event.internal.AbstractSaveEventListener.saveWithGeneratedId(AbstractSaveEventListener.java:134)
	at org.hibernate.event.internal.DefaultPersistEventListener.entityIsTransient(DefaultPersistEventListener.java:175)
	at org.hibernate.event.internal.DefaultPersistEventListener.persist(DefaultPersistEventListener.java:93)
	at org.hibernate.event.internal.DefaultPersistEventListener.onPersist(DefaultPersistEventListener.java:77)
	at org.hibernate.event.internal.DefaultPersistEventListener.onPersist(DefaultPersistEventListener.java:54)
	at org.hibernate.event.service.internal.EventListenerGroupImpl.fireEventOnEachListener(EventListenerGroupImpl.java:127)
	at org.hibernate.internal.SessionImpl.firePersist(SessionImpl.java:754)
	at org.hibernate.internal.SessionImpl.persist(SessionImpl.java:738)
	at java.base/jdk.internal.reflect.DirectMethodHandleAccessor.invoke(DirectMethodHandleAccessor.java:104)
	at java.base/java.lang.reflect.Method.invoke(Method.java:565)
	at org.springframework.orm.jpa.ExtendedEntityManagerCreator$ExtendedEntityManagerInvocationHandler.invoke(ExtendedEntityManagerCreator.java:364)
	at jdk.proxy2/jdk.proxy2.$Proxy120.persist(Unknown Source)
	at java.base/jdk.internal.reflect.DirectMethodHandleAccessor.invoke(DirectMethodHandleAccessor.java:104)
	at java.base/java.lang.reflect.Method.invoke(Method.java:565)
	at org.springframework.orm.jpa.SharedEntityManagerCreator$SharedEntityManagerInvocationHandler.invoke(SharedEntityManagerCreator.java:319)
	at jdk.proxy2/jdk.proxy2.$Proxy120.persist(Unknown Source)
	at org.springframework.data.jpa.repository.support.SimpleJpaRepository.save(SimpleJpaRepository.java:618)
	at java.base/jdk.internal.reflect.DirectMethodHandleAccessor.invoke(DirectMethodHandleAccessor.java:104)
	at java.base/java.lang.reflect.Method.invoke(Method.java:565)
	at org.springframework.aop.support.AopUtils.invokeJoinpointUsingReflection(AopUtils.java:354)
	at org.springframework.data.repository.core.support.RepositoryMethodInvoker$RepositoryFragmentMethodInvoker.lambda$new$0(RepositoryMethodInvoker.java:277)
	at org.springframework.data.repository.core.support.RepositoryMethodInvoker.doInvoke(RepositoryMethodInvoker.java:170)
	at org.springframework.data.repository.core.support.RepositoryMethodInvoker.invoke(RepositoryMethodInvoker.java:158)
	at org.springframework.data.repository.core.support.RepositoryComposition$RepositoryFragments.invoke(RepositoryComposition.java:516)
	at org.springframework.data.repository.core.support.RepositoryComposition.invoke(RepositoryComposition.java:285)
	at org.springframework.data.repository.core.support.RepositoryFactorySupport$ImplementationMethodExecutionInterceptor.invoke(RepositoryFactorySupport.java:628)
	at org.springframework.aop.framework.ReflectiveMethodInvocation.proceed(ReflectiveMethodInvocation.java:184)
	at org.springframework.data.repository.core.support.QueryExecutorMethodInterceptor.doInvoke(QueryExecutorMethodInterceptor.java:168)
	at org.springframework.data.repository.core.support.QueryExecutorMethodInterceptor.invoke(QueryExecutorMethodInterceptor.java:143)
	at org.springframework.aop.framework.ReflectiveMethodInvocation.proceed(ReflectiveMethodInvocation.java:184)
	at org.springframework.data.projection.DefaultMethodInvokingMethodInterceptor.invoke(DefaultMethodInvokingMethodInterceptor.java:70)
	at org.springframework.aop.framework.ReflectiveMethodInvocation.proceed(ReflectiveMethodInvocation.java:184)
	at org.springframework.transaction.interceptor.TransactionInterceptor$1.proceedWithInvocation(TransactionInterceptor.java:123)
	at org.springframework.transaction.interceptor.TransactionAspectSupport.invokeWithinTransaction(TransactionAspectSupport.java:392)
	at org.springframework.transaction.interceptor.TransactionInterceptor.invoke(TransactionInterceptor.java:119)
	at org.springframework.aop.framework.ReflectiveMethodInvocation.proceed(ReflectiveMethodInvocation.java:184)
	at org.springframework.dao.support.PersistenceExceptionTranslationInterceptor.invoke(PersistenceExceptionTranslationInterceptor.java:137)
	at org.springframework.aop.framework.ReflectiveMethodInvocation.proceed(ReflectiveMethodInvocation.java:184)
	at org.springframework.data.jpa.repository.support.CrudMethodMetadataPostProcessor$CrudMethodMetadataPopulatingMethodInterceptor.invoke(CrudMethodMetadataPostProcessor.java:164)
	at org.springframework.aop.framework.ReflectiveMethodInvocation.proceed(ReflectiveMethodInvocation.java:184)
	at org.springframework.aop.interceptor.ExposeInvocationInterceptor.invoke(ExposeInvocationInterceptor.java:97)
	at org.springframework.aop.framework.ReflectiveMethodInvocation.proceed(ReflectiveMethodInvocation.java:184)
	at org.springframework.aop.framework.JdkDynamicAopProxy.invoke(JdkDynamicAopProxy.java:223)
	at jdk.proxy2/jdk.proxy2.$Proxy130.save(Unknown Source)
	at AppService.UserService.salvarUsuario(UserService.java:41)
	at java.base/jdk.internal.reflect.DirectMethodHandleAccessor.invoke(DirectMethodHandleAccessor.java:104)
	at java.base/java.lang.reflect.Method.invoke(Method.java:565)
	at org.springframework.aop.support.AopUtils.invokeJoinpointUsingReflection(AopUtils.java:354)
	at org.springframework.aop.framework.CglibAopProxy$DynamicAdvisedInterceptor.intercept(CglibAopProxy.java:716)
	at AppService.UserService$$SpringCGLIB$$0.salvarUsuario(<generated>)
	at Controllers.UserController.criarUsuario(UserController.java:44)
	at java.base/jdk.internal.reflect.DirectMethodHandleAccessor.invoke(DirectMethodHandleAccessor.java:104)
	at java.base/java.lang.reflect.Method.invoke(Method.java:565)
	at org.springframework.web.method.support.InvocableHandlerMethod.doInvoke(InvocableHandlerMethod.java:255)
	at org.springframework.web.method.support.InvocableHandlerMethod.invokeForRequest(InvocableHandlerMethod.java:188)
	at org.springframework.web.servlet.mvc.method.annotation.ServletInvocableHandlerMethod.invokeAndHandle(ServletInvocableHandlerMethod.java:118)
	at org.springframework.web.servlet.mvc.method.annotation.RequestMappingHandlerAdapter.invokeHandlerMethod(RequestMappingHandlerAdapter.java:926)
	at org.springframework.web.servlet.mvc.method.annotation.RequestMappingHandlerAdapter.handleInternal(RequestMappingHandlerAdapter.java:831)
	at org.springframework.web.servlet.mvc.method.AbstractHandlerMethodAdapter.handle(AbstractHandlerMethodAdapter.java:87)
	at org.springframework.web.servlet.DispatcherServlet.doDispatch(DispatcherServlet.java:1089)
	at org.springframework.web.servlet.DispatcherServlet.doService(DispatcherServlet.java:979)
	at org.springframework.web.servlet.FrameworkServlet.processRequest(FrameworkServlet.java:1014)
	at org.springframework.web.servlet.FrameworkServlet.doPost(FrameworkServlet.java:914)
	at jakarta.servlet.http.HttpServlet.service(HttpServlet.java:590)
	at org.springframework.web.servlet.FrameworkServlet.service(FrameworkServlet.java:885)
	at jakarta.servlet.http.HttpServlet.service(HttpServlet.java:658)
	at org.apache.catalina.core.ApplicationFilterChain.internalDoFilter(ApplicationFilterChain.java:206)
	at org.apache.catalina.core.ApplicationFilterChain.doFilter(ApplicationFilterChain.java:150)
	at org.apache.tomcat.websocket.server.WsFilter.doFilter(WsFilter.java:51)
	at org.apache.catalina.core.ApplicationFilterChain.internalDoFilter(ApplicationFilterChain.java:175)
	at org.apache.catalina.core.ApplicationFilterChain.doFilter(ApplicationFilterChain.java:150)
	at org.springframework.web.filter.RequestContextFilter.doFilterInternal(RequestContextFilter.java:100)
	at org.springframework.web.filter.OncePerRequestFilter.doFilter(OncePerRequestFilter.java:116)
	at org.apache.catalina.core.ApplicationFilterChain.internalDoFilter(ApplicationFilterChain.java:175)
	at org.apache.catalina.core.ApplicationFilterChain.doFilter(ApplicationFilterChain.java:150)
	at org.springframework.web.filter.FormContentFilter.doFilterInternal(FormContentFilter.java:93)
	at org.springframework.web.filter.OncePerRequestFilter.doFilter(OncePerRequestFilter.java:116)
	at org.apache.catalina.core.ApplicationFilterChain.internalDoFilter(ApplicationFilterChain.java:175)
	at org.apache.catalina.core.ApplicationFilterChain.doFilter(ApplicationFilterChain.java:150)
	at org.springframework.web.filter.CharacterEncodingFilter.doFilterInternal(CharacterEncodingFilter.java:201)
	at org.springframework.web.filter.OncePerRequestFilter.doFilter(OncePerRequestFilter.java:116)
	at org.apache.catalina.core.ApplicationFilterChain.internalDoFilter(ApplicationFilterChain.java:175)
	at org.apache.catalina.core.ApplicationFilterChain.doFilter(ApplicationFilterChain.java:150)
	at org.apache.catalina.core.StandardWrapperValve.invoke(StandardWrapperValve.java:167)
	at org.apache.catalina.core.StandardContextValve.invoke(StandardContextValve.java:90)
	at org.apache.catalina.authenticator.AuthenticatorBase.invoke(AuthenticatorBase.java:482)
	at org.apache.catalina.core.StandardHostValve.invoke(StandardHostValve.java:115)
	at org.apache.catalina.valves.ErrorReportValve.invoke(ErrorReportValve.java:93)
	at org.apache.catalina.core.StandardEngineValve.invoke(StandardEngineValve.java:74)
	at org.apache.catalina.connector.CoyoteAdapter.service(CoyoteAdapter.java:344)
	at org.apache.coyote.http11.Http11Processor.service(Http11Processor.java:391)
	at org.apache.coyote.AbstractProcessorLight.process(AbstractProcessorLight.java:63)
	at org.apache.coyote.AbstractProtocol$ConnectionHandler.process(AbstractProtocol.java:896)
	at org.apache.tomcat.util.net.NioEndpoint$SocketProcessor.doRun(NioEndpoint.java:1736)
	at org.apache.tomcat.util.net.SocketProcessorBase.run(SocketProcessorBase.java:52)
	at org.apache.tomcat.util.threads.ThreadPoolExecutor.runWorker(ThreadPoolExecutor.java:1191)
	at org.apache.tomcat.util.threads.ThreadPoolExecutor$Worker.run(ThreadPoolExecutor.java:659)
	at org.apache.tomcat.util.threads.TaskThread$WrappingRunnable.run(TaskThread.java:63)
	at java.base/java.lang.Thread.run(Thread.java:1516)
2026-05-04 09:57:03 INFO  C.UserController : Chamando listagem de usuários do banco.
2026-05-04 09:57:03 INFO  A.UserService : Buscando todos os usuários no banco de dados
2026-05-04 10:02:16 INFO  c.z.h.HikariDataSource : HikariPool-1 - Shutdown initiated...
2026-05-04 10:02:16 INFO  c.z.h.HikariDataSource : HikariPool-1 - Shutdown completed.
2026-05-04 14:48:52 INFO  I.SwaggerApplication : Starting SwaggerApplication using Java 26.0.1 with PID 23524 (C:\Users\kaua.moraes\Desktop\Library\library.backend\Library_Production\target\classes started by kaua.moraes in C:\Users\kaua.moraes\Desktop\Library\library.backend\Library_Production)
2026-05-04 14:48:52 INFO  I.SwaggerApplication : No active profile set, falling back to 1 default profile: "default"
2026-05-04 14:48:55 INFO  o.a.c.c.StandardService : Starting service [Tomcat]
2026-05-04 14:48:55 INFO  o.a.c.c.StandardEngine : Starting Servlet engine: [Apache Tomcat/10.1.20]
2026-05-04 14:48:55 INFO  o.a.c.c.C.[.[.[/] : Initializing Spring embedded WebApplicationContext
2026-05-04 14:48:56 INFO  c.z.h.HikariDataSource : HikariPool-1 - Starting...
2026-05-04 14:48:56 INFO  c.z.h.p.HikariPool : HikariPool-1 - Added connection com.mysql.cj.jdbc.ConnectionImpl@31006a75
2026-05-04 14:48:56 INFO  c.z.h.HikariDataSource : HikariPool-1 - Start completed.
2026-05-04 14:48:57 INFO  c.z.h.HikariDataSource : HikariPool-1 - Shutdown initiated...
2026-05-04 14:48:57 INFO  c.z.h.HikariDataSource : HikariPool-1 - Shutdown completed.
2026-05-04 14:48:57 INFO  o.a.c.c.StandardService : Stopping service [Tomcat]
2026-05-04 14:48:57 ERROR o.s.b.SpringApplication : Application run failed
org.springframework.beans.factory.UnsatisfiedDependencyException: Error creating bean with name 'profileController' defined in file [C:\Users\kaua.moraes\Desktop\Library\library.backend\Library_Production\target\classes\Controllers\ProfileController.class]: Unsatisfied dependency expressed through constructor parameter 0: Error creating bean with name 'profileAppService': Unsatisfied dependency expressed through field 'profileRepository': Error creating bean with name 'profileRepository' defined in Repository.ProfileRepository defined in @EnableJpaRepositories declared on SwaggerApplication: Not a managed type: class Domain.Entities.Profile
	at org.springframework.beans.factory.support.ConstructorResolver.createArgumentArray(ConstructorResolver.java:795)
	at org.springframework.beans.factory.support.ConstructorResolver.autowireConstructor(ConstructorResolver.java:237)
	at org.springframework.beans.factory.support.AbstractAutowireCapableBeanFactory.autowireConstructor(AbstractAutowireCapableBeanFactory.java:1355)
	at org.springframework.beans.factory.support.AbstractAutowireCapableBeanFactory.createBeanInstance(AbstractAutowireCapableBeanFactory.java:1192)
	at org.springframework.beans.factory.support.AbstractAutowireCapableBeanFactory.doCreateBean(AbstractAutowireCapableBeanFactory.java:562)
	at org.springframework.beans.factory.support.AbstractAutowireCapableBeanFactory.createBean(AbstractAutowireCapableBeanFactory.java:522)
	at org.springframework.beans.factory.support.AbstractBeanFactory.lambda$doGetBean$0(AbstractBeanFactory.java:326)
	at org.springframework.beans.factory.support.DefaultSingletonBeanRegistry.getSingleton(DefaultSingletonBeanRegistry.java:234)
	at org.springframework.beans.factory.support.AbstractBeanFactory.doGetBean(AbstractBeanFactory.java:324)
	at org.springframework.beans.factory.support.AbstractBeanFactory.getBean(AbstractBeanFactory.java:200)
	at org.springframework.beans.factory.support.DefaultListableBeanFactory.preInstantiateSingletons(DefaultListableBeanFactory.java:975)
	at org.springframework.context.support.AbstractApplicationContext.finishBeanFactoryInitialization(AbstractApplicationContext.java:962)
	at org.springframework.context.support.AbstractApplicationContext.refresh(AbstractApplicationContext.java:624)
	at org.springframework.boot.web.servlet.context.ServletWebServerApplicationContext.refresh(ServletWebServerApplicationContext.java:146)
	at org.springframework.boot.SpringApplication.refresh(SpringApplication.java:754)
	at org.springframework.boot.SpringApplication.refreshContext(SpringApplication.java:456)
	at org.springframework.boot.SpringApplication.run(SpringApplication.java:334)
	at org.springframework.boot.SpringApplication.run(SpringApplication.java:1354)
	at org.springframework.boot.SpringApplication.run(SpringApplication.java:1343)
	at Infra.SwaggerApplication.main(SwaggerApplication.java:13)
Caused by: org.springframework.beans.factory.UnsatisfiedDependencyException: Error creating bean with name 'profileAppService': Unsatisfied dependency expressed through field 'profileRepository': Error creating bean with name 'profileRepository' defined in Repository.ProfileRepository defined in @EnableJpaRepositories declared on SwaggerApplication: Not a managed type: class Domain.Entities.Profile
	at org.springframework.beans.factory.annotation.AutowiredAnnotationBeanPostProcessor$AutowiredFieldElement.resolveFieldValue(AutowiredAnnotationBeanPostProcessor.java:787)
	at org.springframework.beans.factory.annotation.AutowiredAnnotationBeanPostProcessor$AutowiredFieldElement.inject(AutowiredAnnotationBeanPostProcessor.java:767)
	at org.springframework.beans.factory.annotation.InjectionMetadata.inject(InjectionMetadata.java:145)
	at org.springframework.beans.factory.annotation.AutowiredAnnotationBeanPostProcessor.postProcessProperties(AutowiredAnnotationBeanPostProcessor.java:508)
	at org.springframework.beans.factory.support.AbstractAutowireCapableBeanFactory.populateBean(AbstractAutowireCapableBeanFactory.java:1419)
	at org.springframework.beans.factory.support.AbstractAutowireCapableBeanFactory.doCreateBean(AbstractAutowireCapableBeanFactory.java:599)
	at org.springframework.beans.factory.support.AbstractAutowireCapableBeanFactory.createBean(AbstractAutowireCapableBeanFactory.java:522)
	at org.springframework.beans.factory.support.AbstractBeanFactory.lambda$doGetBean$0(AbstractBeanFactory.java:326)
	at org.springframework.beans.factory.support.DefaultSingletonBeanRegistry.getSingleton(DefaultSingletonBeanRegistry.java:234)
	at org.springframework.beans.factory.support.AbstractBeanFactory.doGetBean(AbstractBeanFactory.java:324)
	at org.springframework.beans.factory.support.AbstractBeanFactory.getBean(AbstractBeanFactory.java:200)
	at org.springframework.beans.factory.config.DependencyDescriptor.resolveCandidate(DependencyDescriptor.java:254)
	at org.springframework.beans.factory.support.DefaultListableBeanFactory.doResolveDependency(DefaultListableBeanFactory.java:1443)
	at org.springframework.beans.factory.support.DefaultListableBeanFactory.resolveDependency(DefaultListableBeanFactory.java:1353)
	at org.springframework.beans.factory.support.ConstructorResolver.resolveAutowiredArgument(ConstructorResolver.java:904)
	at org.springframework.beans.factory.support.ConstructorResolver.createArgumentArray(ConstructorResolver.java:782)
	... 19 common frames omitted
Caused by: org.springframework.beans.factory.BeanCreationException: Error creating bean with name 'profileRepository' defined in Repository.ProfileRepository defined in @EnableJpaRepositories declared on SwaggerApplication: Not a managed type: class Domain.Entities.Profile
	at org.springframework.beans.factory.support.AbstractAutowireCapableBeanFactory.initializeBean(AbstractAutowireCapableBeanFactory.java:1786)
	at org.springframework.beans.factory.support.AbstractAutowireCapableBeanFactory.doCreateBean(AbstractAutowireCapableBeanFactory.java:600)
	at org.springframework.beans.factory.support.AbstractAutowireCapableBeanFactory.createBean(AbstractAutowireCapableBeanFactory.java:522)
	at org.springframework.beans.factory.support.AbstractBeanFactory.lambda$doGetBean$0(AbstractBeanFactory.java:326)
	at org.springframework.beans.factory.support.DefaultSingletonBeanRegistry.getSingleton(DefaultSingletonBeanRegistry.java:234)
	at org.springframework.beans.factory.support.AbstractBeanFactory.doGetBean(AbstractBeanFactory.java:324)
	at org.springframework.beans.factory.support.AbstractBeanFactory.getBean(AbstractBeanFactory.java:200)
	at org.springframework.beans.factory.config.DependencyDescriptor.resolveCandidate(DependencyDescriptor.java:254)
	at org.springframework.beans.factory.support.DefaultListableBeanFactory.doResolveDependency(DefaultListableBeanFactory.java:1443)
	at org.springframework.beans.factory.support.DefaultListableBeanFactory.resolveDependency(DefaultListableBeanFactory.java:1353)
	at org.springframework.beans.factory.annotation.AutowiredAnnotationBeanPostProcessor$AutowiredFieldElement.resolveFieldValue(AutowiredAnnotationBeanPostProcessor.java:784)
	... 34 common frames omitted
Caused by: java.lang.IllegalArgumentException: Not a managed type: class Domain.Entities.Profile
	at org.hibernate.metamodel.model.domain.internal.JpaMetamodelImpl.managedType(JpaMetamodelImpl.java:193)
	at org.hibernate.metamodel.model.domain.internal.MappingMetamodelImpl.managedType(MappingMetamodelImpl.java:468)
	at org.hibernate.metamodel.model.domain.internal.MappingMetamodelImpl.managedType(MappingMetamodelImpl.java:98)
	at org.springframework.data.jpa.repository.support.JpaMetamodelEntityInformation.<init>(JpaMetamodelEntityInformation.java:82)
	at org.springframework.data.jpa.repository.support.JpaEntityInformationSupport.getEntityInformation(JpaEntityInformationSupport.java:69)
	at org.springframework.data.jpa.repository.support.JpaRepositoryFactory.getEntityInformation(JpaRepositoryFactory.java:246)
	at org.springframework.data.jpa.repository.support.JpaRepositoryFactory.getTargetRepository(JpaRepositoryFactory.java:211)
	at org.springframework.data.jpa.repository.support.JpaRepositoryFactory.getTargetRepository(JpaRepositoryFactory.java:194)
	at org.springframework.data.jpa.repository.support.JpaRepositoryFactory.getTargetRepository(JpaRepositoryFactory.java:1)
	at org.springframework.data.repository.core.support.RepositoryFactorySupport.getRepository(RepositoryFactorySupport.java:317)
	at org.springframework.data.repository.core.support.RepositoryFactoryBeanSupport.lambda$afterPropertiesSet$5(RepositoryFactoryBeanSupport.java:279)
	at org.springframework.data.util.Lazy.getNullable(Lazy.java:135)
	at org.springframework.data.util.Lazy.get(Lazy.java:113)
	at org.springframework.data.repository.core.support.RepositoryFactoryBeanSupport.afterPropertiesSet(RepositoryFactoryBeanSupport.java:285)
	at org.springframework.data.jpa.repository.support.JpaRepositoryFactoryBean.afterPropertiesSet(JpaRepositoryFactoryBean.java:132)
	at org.springframework.beans.factory.support.AbstractAutowireCapableBeanFactory.invokeInitMethods(AbstractAutowireCapableBeanFactory.java:1833)
	at org.springframework.beans.factory.support.AbstractAutowireCapableBeanFactory.initializeBean(AbstractAutowireCapableBeanFactory.java:1782)
	... 44 common frames omitted
2026-05-04 14:51:50 INFO  I.SwaggerApplication : Starting SwaggerApplication using Java 26.0.1 with PID 20792 (C:\Users\kaua.moraes\Desktop\Library\library.backend\Library_Production\target\classes started by kaua.moraes in C:\Users\kaua.moraes\Desktop\Library\library.backend\Library_Production)
2026-05-04 14:51:50 INFO  I.SwaggerApplication : No active profile set, falling back to 1 default profile: "default"
2026-05-04 14:51:52 INFO  o.a.c.c.StandardService : Starting service [Tomcat]
2026-05-04 14:51:52 INFO  o.a.c.c.StandardEngine : Starting Servlet engine: [Apache Tomcat/10.1.20]
2026-05-04 14:51:52 INFO  o.a.c.c.C.[.[.[/] : Initializing Spring embedded WebApplicationContext
2026-05-04 14:51:52 INFO  c.z.h.HikariDataSource : HikariPool-1 - Starting...
2026-05-04 14:51:53 INFO  c.z.h.p.HikariPool : HikariPool-1 - Added connection com.mysql.cj.jdbc.ConnectionImpl@a9a8ec3
2026-05-04 14:51:53 INFO  c.z.h.HikariDataSource : HikariPool-1 - Start completed.
2026-05-04 14:51:54 INFO  c.z.h.HikariDataSource : HikariPool-1 - Shutdown initiated...
2026-05-04 14:51:54 INFO  c.z.h.HikariDataSource : HikariPool-1 - Shutdown completed.
2026-05-04 14:51:54 INFO  o.a.c.c.StandardService : Stopping service [Tomcat]
2026-05-04 14:51:54 ERROR o.s.b.SpringApplication : Application run failed
org.springframework.beans.factory.UnsatisfiedDependencyException: Error creating bean with name 'profileController' defined in file [C:\Users\kaua.moraes\Desktop\Library\library.backend\Library_Production\target\classes\Controllers\ProfileController.class]: Unsatisfied dependency expressed through constructor parameter 0: Error creating bean with name 'profileAppService': Unsatisfied dependency expressed through field 'profileRepository': Error creating bean with name 'profileRepository' defined in Repository.ProfileRepository defined in @EnableJpaRepositories declared on SwaggerApplication: Not a managed type: class Domain.Entities.Profile
	at org.springframework.beans.factory.support.ConstructorResolver.createArgumentArray(ConstructorResolver.java:795)
	at org.springframework.beans.factory.support.ConstructorResolver.autowireConstructor(ConstructorResolver.java:237)
	at org.springframework.beans.factory.support.AbstractAutowireCapableBeanFactory.autowireConstructor(AbstractAutowireCapableBeanFactory.java:1355)
	at org.springframework.beans.factory.support.AbstractAutowireCapableBeanFactory.createBeanInstance(AbstractAutowireCapableBeanFactory.java:1192)
	at org.springframework.beans.factory.support.AbstractAutowireCapableBeanFactory.doCreateBean(AbstractAutowireCapableBeanFactory.java:562)
	at org.springframework.beans.factory.support.AbstractAutowireCapableBeanFactory.createBean(AbstractAutowireCapableBeanFactory.java:522)
	at org.springframework.beans.factory.support.AbstractBeanFactory.lambda$doGetBean$0(AbstractBeanFactory.java:326)
	at org.springframework.beans.factory.support.DefaultSingletonBeanRegistry.getSingleton(DefaultSingletonBeanRegistry.java:234)
	at org.springframework.beans.factory.support.AbstractBeanFactory.doGetBean(AbstractBeanFactory.java:324)
	at org.springframework.beans.factory.support.AbstractBeanFactory.getBean(AbstractBeanFactory.java:200)
	at org.springframework.beans.factory.support.DefaultListableBeanFactory.preInstantiateSingletons(DefaultListableBeanFactory.java:975)
	at org.springframework.context.support.AbstractApplicationContext.finishBeanFactoryInitialization(AbstractApplicationContext.java:962)
	at org.springframework.context.support.AbstractApplicationContext.refresh(AbstractApplicationContext.java:624)
	at org.springframework.boot.web.servlet.context.ServletWebServerApplicationContext.refresh(ServletWebServerApplicationContext.java:146)
	at org.springframework.boot.SpringApplication.refresh(SpringApplication.java:754)
	at org.springframework.boot.SpringApplication.refreshContext(SpringApplication.java:456)
	at org.springframework.boot.SpringApplication.run(SpringApplication.java:334)
	at org.springframework.boot.SpringApplication.run(SpringApplication.java:1354)
	at org.springframework.boot.SpringApplication.run(SpringApplication.java:1343)
	at Infra.SwaggerApplication.main(SwaggerApplication.java:13)
Caused by: org.springframework.beans.factory.UnsatisfiedDependencyException: Error creating bean with name 'profileAppService': Unsatisfied dependency expressed through field 'profileRepository': Error creating bean with name 'profileRepository' defined in Repository.ProfileRepository defined in @EnableJpaRepositories declared on SwaggerApplication: Not a managed type: class Domain.Entities.Profile
	at org.springframework.beans.factory.annotation.AutowiredAnnotationBeanPostProcessor$AutowiredFieldElement.resolveFieldValue(AutowiredAnnotationBeanPostProcessor.java:787)
	at org.springframework.beans.factory.annotation.AutowiredAnnotationBeanPostProcessor$AutowiredFieldElement.inject(AutowiredAnnotationBeanPostProcessor.java:767)
	at org.springframework.beans.factory.annotation.InjectionMetadata.inject(InjectionMetadata.java:145)
	at org.springframework.beans.factory.annotation.AutowiredAnnotationBeanPostProcessor.postProcessProperties(AutowiredAnnotationBeanPostProcessor.java:508)
	at org.springframework.beans.factory.support.AbstractAutowireCapableBeanFactory.populateBean(AbstractAutowireCapableBeanFactory.java:1419)
	at org.springframework.beans.factory.support.AbstractAutowireCapableBeanFactory.doCreateBean(AbstractAutowireCapableBeanFactory.java:599)
	at org.springframework.beans.factory.support.AbstractAutowireCapableBeanFactory.createBean(AbstractAutowireCapableBeanFactory.java:522)
	at org.springframework.beans.factory.support.AbstractBeanFactory.lambda$doGetBean$0(AbstractBeanFactory.java:326)
	at org.springframework.beans.factory.support.DefaultSingletonBeanRegistry.getSingleton(DefaultSingletonBeanRegistry.java:234)
	at org.springframework.beans.factory.support.AbstractBeanFactory.doGetBean(AbstractBeanFactory.java:324)
	at org.springframework.beans.factory.support.AbstractBeanFactory.getBean(AbstractBeanFactory.java:200)
	at org.springframework.beans.factory.config.DependencyDescriptor.resolveCandidate(DependencyDescriptor.java:254)
	at org.springframework.beans.factory.support.DefaultListableBeanFactory.doResolveDependency(DefaultListableBeanFactory.java:1443)
	at org.springframework.beans.factory.support.DefaultListableBeanFactory.resolveDependency(DefaultListableBeanFactory.java:1353)
	at org.springframework.beans.factory.support.ConstructorResolver.resolveAutowiredArgument(ConstructorResolver.java:904)
	at org.springframework.beans.factory.support.ConstructorResolver.createArgumentArray(ConstructorResolver.java:782)
	... 19 common frames omitted
Caused by: org.springframework.beans.factory.BeanCreationException: Error creating bean with name 'profileRepository' defined in Repository.ProfileRepository defined in @EnableJpaRepositories declared on SwaggerApplication: Not a managed type: class Domain.Entities.Profile
	at org.springframework.beans.factory.support.AbstractAutowireCapableBeanFactory.initializeBean(AbstractAutowireCapableBeanFactory.java:1786)
	at org.springframework.beans.factory.support.AbstractAutowireCapableBeanFactory.doCreateBean(AbstractAutowireCapableBeanFactory.java:600)
	at org.springframework.beans.factory.support.AbstractAutowireCapableBeanFactory.createBean(AbstractAutowireCapableBeanFactory.java:522)
	at org.springframework.beans.factory.support.AbstractBeanFactory.lambda$doGetBean$0(AbstractBeanFactory.java:326)
	at org.springframework.beans.factory.support.DefaultSingletonBeanRegistry.getSingleton(DefaultSingletonBeanRegistry.java:234)
	at org.springframework.beans.factory.support.AbstractBeanFactory.doGetBean(AbstractBeanFactory.java:324)
	at org.springframework.beans.factory.support.AbstractBeanFactory.getBean(AbstractBeanFactory.java:200)
	at org.springframework.beans.factory.config.DependencyDescriptor.resolveCandidate(DependencyDescriptor.java:254)
	at org.springframework.beans.factory.support.DefaultListableBeanFactory.doResolveDependency(DefaultListableBeanFactory.java:1443)
	at org.springframework.beans.factory.support.DefaultListableBeanFactory.resolveDependency(DefaultListableBeanFactory.java:1353)
	at org.springframework.beans.factory.annotation.AutowiredAnnotationBeanPostProcessor$AutowiredFieldElement.resolveFieldValue(AutowiredAnnotationBeanPostProcessor.java:784)
	... 34 common frames omitted
Caused by: java.lang.IllegalArgumentException: Not a managed type: class Domain.Entities.Profile
	at org.hibernate.metamodel.model.domain.internal.JpaMetamodelImpl.managedType(JpaMetamodelImpl.java:193)
	at org.hibernate.metamodel.model.domain.internal.MappingMetamodelImpl.managedType(MappingMetamodelImpl.java:468)
	at org.hibernate.metamodel.model.domain.internal.MappingMetamodelImpl.managedType(MappingMetamodelImpl.java:98)
	at org.springframework.data.jpa.repository.support.JpaMetamodelEntityInformation.<init>(JpaMetamodelEntityInformation.java:82)
	at org.springframework.data.jpa.repository.support.JpaEntityInformationSupport.getEntityInformation(JpaEntityInformationSupport.java:69)
	at org.springframework.data.jpa.repository.support.JpaRepositoryFactory.getEntityInformation(JpaRepositoryFactory.java:246)
	at org.springframework.data.jpa.repository.support.JpaRepositoryFactory.getTargetRepository(JpaRepositoryFactory.java:211)
	at org.springframework.data.jpa.repository.support.JpaRepositoryFactory.getTargetRepository(JpaRepositoryFactory.java:194)
	at org.springframework.data.jpa.repository.support.JpaRepositoryFactory.getTargetRepository(JpaRepositoryFactory.java:1)
	at org.springframework.data.repository.core.support.RepositoryFactorySupport.getRepository(RepositoryFactorySupport.java:317)
	at org.springframework.data.repository.core.support.RepositoryFactoryBeanSupport.lambda$afterPropertiesSet$5(RepositoryFactoryBeanSupport.java:279)
	at org.springframework.data.util.Lazy.getNullable(Lazy.java:135)
	at org.springframework.data.util.Lazy.get(Lazy.java:113)
	at org.springframework.data.repository.core.support.RepositoryFactoryBeanSupport.afterPropertiesSet(RepositoryFactoryBeanSupport.java:285)
	at org.springframework.data.jpa.repository.support.JpaRepositoryFactoryBean.afterPropertiesSet(JpaRepositoryFactoryBean.java:132)
	at org.springframework.beans.factory.support.AbstractAutowireCapableBeanFactory.invokeInitMethods(AbstractAutowireCapableBeanFactory.java:1833)
	at org.springframework.beans.factory.support.AbstractAutowireCapableBeanFactory.initializeBean(AbstractAutowireCapableBeanFactory.java:1782)
	... 44 common frames omitted
2026-05-04 14:54:36 INFO  I.SwaggerApplication : Starting SwaggerApplication using Java 26.0.1 with PID 10476 (C:\Users\kaua.moraes\Desktop\Library\library.backend\Library_Production\target\classes started by kaua.moraes in C:\Users\kaua.moraes\Desktop\Library\library.backend\Library_Production)
2026-05-04 14:54:36 INFO  I.SwaggerApplication : No active profile set, falling back to 1 default profile: "default"
2026-05-04 14:54:38 INFO  o.a.c.c.StandardService : Starting service [Tomcat]
2026-05-04 14:54:38 INFO  o.a.c.c.StandardEngine : Starting Servlet engine: [Apache Tomcat/10.1.20]
2026-05-04 14:54:38 INFO  o.a.c.c.C.[.[.[/] : Initializing Spring embedded WebApplicationContext
2026-05-04 14:54:39 INFO  c.z.h.HikariDataSource : HikariPool-1 - Starting...
2026-05-04 14:54:39 INFO  c.z.h.p.HikariPool : HikariPool-1 - Added connection com.mysql.cj.jdbc.ConnectionImpl@7e2bd5e6
2026-05-04 14:54:39 INFO  c.z.h.HikariDataSource : HikariPool-1 - Start completed.
2026-05-04 14:54:40 INFO  c.z.h.HikariDataSource : HikariPool-1 - Shutdown initiated...
2026-05-04 14:54:40 INFO  c.z.h.HikariDataSource : HikariPool-1 - Shutdown completed.
2026-05-04 14:54:40 INFO  o.a.c.c.StandardService : Stopping service [Tomcat]
2026-05-04 14:54:40 ERROR o.s.b.SpringApplication : Application run failed
org.springframework.beans.factory.UnsatisfiedDependencyException: Error creating bean with name 'profileController' defined in file [C:\Users\kaua.moraes\Desktop\Library\library.backend\Library_Production\target\classes\Controllers\ProfileController.class]: Unsatisfied dependency expressed through constructor parameter 0: Error creating bean with name 'profileAppService': Unsatisfied dependency expressed through field 'profileRepository': Error creating bean with name 'profileRepository' defined in Repository.ProfileRepository defined in @EnableJpaRepositories declared on SwaggerApplication: Not a managed type: class Domain.Entities.Profile
	at org.springframework.beans.factory.support.ConstructorResolver.createArgumentArray(ConstructorResolver.java:795)
	at org.springframework.beans.factory.support.ConstructorResolver.autowireConstructor(ConstructorResolver.java:237)
	at org.springframework.beans.factory.support.AbstractAutowireCapableBeanFactory.autowireConstructor(AbstractAutowireCapableBeanFactory.java:1355)
	at org.springframework.beans.factory.support.AbstractAutowireCapableBeanFactory.createBeanInstance(AbstractAutowireCapableBeanFactory.java:1192)
	at org.springframework.beans.factory.support.AbstractAutowireCapableBeanFactory.doCreateBean(AbstractAutowireCapableBeanFactory.java:562)
	at org.springframework.beans.factory.support.AbstractAutowireCapableBeanFactory.createBean(AbstractAutowireCapableBeanFactory.java:522)
	at org.springframework.beans.factory.support.AbstractBeanFactory.lambda$doGetBean$0(AbstractBeanFactory.java:326)
	at org.springframework.beans.factory.support.DefaultSingletonBeanRegistry.getSingleton(DefaultSingletonBeanRegistry.java:234)
	at org.springframework.beans.factory.support.AbstractBeanFactory.doGetBean(AbstractBeanFactory.java:324)
	at org.springframework.beans.factory.support.AbstractBeanFactory.getBean(AbstractBeanFactory.java:200)
	at org.springframework.beans.factory.support.DefaultListableBeanFactory.preInstantiateSingletons(DefaultListableBeanFactory.java:975)
	at org.springframework.context.support.AbstractApplicationContext.finishBeanFactoryInitialization(AbstractApplicationContext.java:962)
	at org.springframework.context.support.AbstractApplicationContext.refresh(AbstractApplicationContext.java:624)
	at org.springframework.boot.web.servlet.context.ServletWebServerApplicationContext.refresh(ServletWebServerApplicationContext.java:146)
	at org.springframework.boot.SpringApplication.refresh(SpringApplication.java:754)
	at org.springframework.boot.SpringApplication.refreshContext(SpringApplication.java:456)
	at org.springframework.boot.SpringApplication.run(SpringApplication.java:334)
	at org.springframework.boot.SpringApplication.run(SpringApplication.java:1354)
	at org.springframework.boot.SpringApplication.run(SpringApplication.java:1343)
	at Infra.SwaggerApplication.main(SwaggerApplication.java:13)
Caused by: org.springframework.beans.factory.UnsatisfiedDependencyException: Error creating bean with name 'profileAppService': Unsatisfied dependency expressed through field 'profileRepository': Error creating bean with name 'profileRepository' defined in Repository.ProfileRepository defined in @EnableJpaRepositories declared on SwaggerApplication: Not a managed type: class Domain.Entities.Profile
	at org.springframework.beans.factory.annotation.AutowiredAnnotationBeanPostProcessor$AutowiredFieldElement.resolveFieldValue(AutowiredAnnotationBeanPostProcessor.java:787)
	at org.springframework.beans.factory.annotation.AutowiredAnnotationBeanPostProcessor$AutowiredFieldElement.inject(AutowiredAnnotationBeanPostProcessor.java:767)
	at org.springframework.beans.factory.annotation.InjectionMetadata.inject(InjectionMetadata.java:145)
	at org.springframework.beans.factory.annotation.AutowiredAnnotationBeanPostProcessor.postProcessProperties(AutowiredAnnotationBeanPostProcessor.java:508)
	at org.springframework.beans.factory.support.AbstractAutowireCapableBeanFactory.populateBean(AbstractAutowireCapableBeanFactory.java:1419)
	at org.springframework.beans.factory.support.AbstractAutowireCapableBeanFactory.doCreateBean(AbstractAutowireCapableBeanFactory.java:599)
	at org.springframework.beans.factory.support.AbstractAutowireCapableBeanFactory.createBean(AbstractAutowireCapableBeanFactory.java:522)
	at org.springframework.beans.factory.support.AbstractBeanFactory.lambda$doGetBean$0(AbstractBeanFactory.java:326)
	at org.springframework.beans.factory.support.DefaultSingletonBeanRegistry.getSingleton(DefaultSingletonBeanRegistry.java:234)
	at org.springframework.beans.factory.support.AbstractBeanFactory.doGetBean(AbstractBeanFactory.java:324)
	at org.springframework.beans.factory.support.AbstractBeanFactory.getBean(AbstractBeanFactory.java:200)
	at org.springframework.beans.factory.config.DependencyDescriptor.resolveCandidate(DependencyDescriptor.java:254)
	at org.springframework.beans.factory.support.DefaultListableBeanFactory.doResolveDependency(DefaultListableBeanFactory.java:1443)
	at org.springframework.beans.factory.support.DefaultListableBeanFactory.resolveDependency(DefaultListableBeanFactory.java:1353)
	at org.springframework.beans.factory.support.ConstructorResolver.resolveAutowiredArgument(ConstructorResolver.java:904)
	at org.springframework.beans.factory.support.ConstructorResolver.createArgumentArray(ConstructorResolver.java:782)
	... 19 common frames omitted
Caused by: org.springframework.beans.factory.BeanCreationException: Error creating bean with name 'profileRepository' defined in Repository.ProfileRepository defined in @EnableJpaRepositories declared on SwaggerApplication: Not a managed type: class Domain.Entities.Profile
	at org.springframework.beans.factory.support.AbstractAutowireCapableBeanFactory.initializeBean(AbstractAutowireCapableBeanFactory.java:1786)
	at org.springframework.beans.factory.support.AbstractAutowireCapableBeanFactory.doCreateBean(AbstractAutowireCapableBeanFactory.java:600)
	at org.springframework.beans.factory.support.AbstractAutowireCapableBeanFactory.createBean(AbstractAutowireCapableBeanFactory.java:522)
	at org.springframework.beans.factory.support.AbstractBeanFactory.lambda$doGetBean$0(AbstractBeanFactory.java:326)
	at org.springframework.beans.factory.support.DefaultSingletonBeanRegistry.getSingleton(DefaultSingletonBeanRegistry.java:234)
	at org.springframework.beans.factory.support.AbstractBeanFactory.doGetBean(AbstractBeanFactory.java:324)
	at org.springframework.beans.factory.support.AbstractBeanFactory.getBean(AbstractBeanFactory.java:200)
	at org.springframework.beans.factory.config.DependencyDescriptor.resolveCandidate(DependencyDescriptor.java:254)
	at org.springframework.beans.factory.support.DefaultListableBeanFactory.doResolveDependency(DefaultListableBeanFactory.java:1443)
	at org.springframework.beans.factory.support.DefaultListableBeanFactory.resolveDependency(DefaultListableBeanFactory.java:1353)
	at org.springframework.beans.factory.annotation.AutowiredAnnotationBeanPostProcessor$AutowiredFieldElement.resolveFieldValue(AutowiredAnnotationBeanPostProcessor.java:784)
	... 34 common frames omitted
Caused by: java.lang.IllegalArgumentException: Not a managed type: class Domain.Entities.Profile
	at org.hibernate.metamodel.model.domain.internal.JpaMetamodelImpl.managedType(JpaMetamodelImpl.java:193)
	at org.hibernate.metamodel.model.domain.internal.MappingMetamodelImpl.managedType(MappingMetamodelImpl.java:468)
	at org.hibernate.metamodel.model.domain.internal.MappingMetamodelImpl.managedType(MappingMetamodelImpl.java:98)
	at org.springframework.data.jpa.repository.support.JpaMetamodelEntityInformation.<init>(JpaMetamodelEntityInformation.java:82)
	at org.springframework.data.jpa.repository.support.JpaEntityInformationSupport.getEntityInformation(JpaEntityInformationSupport.java:69)
	at org.springframework.data.jpa.repository.support.JpaRepositoryFactory.getEntityInformation(JpaRepositoryFactory.java:246)
	at org.springframework.data.jpa.repository.support.JpaRepositoryFactory.getTargetRepository(JpaRepositoryFactory.java:211)
	at org.springframework.data.jpa.repository.support.JpaRepositoryFactory.getTargetRepository(JpaRepositoryFactory.java:194)
	at org.springframework.data.jpa.repository.support.JpaRepositoryFactory.getTargetRepository(JpaRepositoryFactory.java:1)
	at org.springframework.data.repository.core.support.RepositoryFactorySupport.getRepository(RepositoryFactorySupport.java:317)
	at org.springframework.data.repository.core.support.RepositoryFactoryBeanSupport.lambda$afterPropertiesSet$5(RepositoryFactoryBeanSupport.java:279)
	at org.springframework.data.util.Lazy.getNullable(Lazy.java:135)
	at org.springframework.data.util.Lazy.get(Lazy.java:113)
	at org.springframework.data.repository.core.support.RepositoryFactoryBeanSupport.afterPropertiesSet(RepositoryFactoryBeanSupport.java:285)
	at org.springframework.data.jpa.repository.support.JpaRepositoryFactoryBean.afterPropertiesSet(JpaRepositoryFactoryBean.java:132)
	at org.springframework.beans.factory.support.AbstractAutowireCapableBeanFactory.invokeInitMethods(AbstractAutowireCapableBeanFactory.java:1833)
	at org.springframework.beans.factory.support.AbstractAutowireCapableBeanFactory.initializeBean(AbstractAutowireCapableBeanFactory.java:1782)
	... 44 common frames omitted
2026-05-04 14:57:04 INFO  I.SwaggerApplication : Starting SwaggerApplication using Java 26.0.1 with PID 21872 (C:\Users\kaua.moraes\Desktop\Library\library.backend\Library_Production\target\classes started by kaua.moraes in C:\Users\kaua.moraes\Desktop\Library\library.backend\Library_Production)
2026-05-04 14:57:04 INFO  I.SwaggerApplication : No active profile set, falling back to 1 default profile: "default"
2026-05-04 14:57:06 INFO  o.a.c.c.StandardService : Starting service [Tomcat]
2026-05-04 14:57:06 INFO  o.a.c.c.StandardEngine : Starting Servlet engine: [Apache Tomcat/10.1.20]
2026-05-04 14:57:06 INFO  o.a.c.c.C.[.[.[/] : Initializing Spring embedded WebApplicationContext
2026-05-04 14:57:06 INFO  c.z.h.HikariDataSource : HikariPool-1 - Starting...
2026-05-04 14:57:07 INFO  c.z.h.p.HikariPool : HikariPool-1 - Added connection com.mysql.cj.jdbc.ConnectionImpl@7e2bd5e6
2026-05-04 14:57:07 INFO  c.z.h.HikariDataSource : HikariPool-1 - Start completed.
2026-05-04 14:57:08 INFO  c.z.h.HikariDataSource : HikariPool-1 - Shutdown initiated...
2026-05-04 14:57:08 INFO  c.z.h.HikariDataSource : HikariPool-1 - Shutdown completed.
2026-05-04 14:57:08 INFO  o.a.c.c.StandardService : Stopping service [Tomcat]
2026-05-04 14:57:08 ERROR o.s.b.SpringApplication : Application run failed
org.springframework.beans.factory.UnsatisfiedDependencyException: Error creating bean with name 'profileController' defined in file [C:\Users\kaua.moraes\Desktop\Library\library.backend\Library_Production\target\classes\Controllers\ProfileController.class]: Unsatisfied dependency expressed through constructor parameter 0: Error creating bean with name 'profileAppService': Unsatisfied dependency expressed through field 'profileRepository': Error creating bean with name 'profileRepository' defined in Repository.ProfileRepository defined in @EnableJpaRepositories declared on SwaggerApplication: Not a managed type: class Domain.Entities.Profile
	at org.springframework.beans.factory.support.ConstructorResolver.createArgumentArray(ConstructorResolver.java:795)
	at org.springframework.beans.factory.support.ConstructorResolver.autowireConstructor(ConstructorResolver.java:237)
	at org.springframework.beans.factory.support.AbstractAutowireCapableBeanFactory.autowireConstructor(AbstractAutowireCapableBeanFactory.java:1355)
	at org.springframework.beans.factory.support.AbstractAutowireCapableBeanFactory.createBeanInstance(AbstractAutowireCapableBeanFactory.java:1192)
	at org.springframework.beans.factory.support.AbstractAutowireCapableBeanFactory.doCreateBean(AbstractAutowireCapableBeanFactory.java:562)
	at org.springframework.beans.factory.support.AbstractAutowireCapableBeanFactory.createBean(AbstractAutowireCapableBeanFactory.java:522)
	at org.springframework.beans.factory.support.AbstractBeanFactory.lambda$doGetBean$0(AbstractBeanFactory.java:326)
	at org.springframework.beans.factory.support.DefaultSingletonBeanRegistry.getSingleton(DefaultSingletonBeanRegistry.java:234)
	at org.springframework.beans.factory.support.AbstractBeanFactory.doGetBean(AbstractBeanFactory.java:324)
	at org.springframework.beans.factory.support.AbstractBeanFactory.getBean(AbstractBeanFactory.java:200)
	at org.springframework.beans.factory.support.DefaultListableBeanFactory.preInstantiateSingletons(DefaultListableBeanFactory.java:975)
	at org.springframework.context.support.AbstractApplicationContext.finishBeanFactoryInitialization(AbstractApplicationContext.java:962)
	at org.springframework.context.support.AbstractApplicationContext.refresh(AbstractApplicationContext.java:624)
	at org.springframework.boot.web.servlet.context.ServletWebServerApplicationContext.refresh(ServletWebServerApplicationContext.java:146)
	at org.springframework.boot.SpringApplication.refresh(SpringApplication.java:754)
	at org.springframework.boot.SpringApplication.refreshContext(SpringApplication.java:456)
	at org.springframework.boot.SpringApplication.run(SpringApplication.java:334)
	at org.springframework.boot.SpringApplication.run(SpringApplication.java:1354)
	at org.springframework.boot.SpringApplication.run(SpringApplication.java:1343)
	at Infra.SwaggerApplication.main(SwaggerApplication.java:13)
Caused by: org.springframework.beans.factory.UnsatisfiedDependencyException: Error creating bean with name 'profileAppService': Unsatisfied dependency expressed through field 'profileRepository': Error creating bean with name 'profileRepository' defined in Repository.ProfileRepository defined in @EnableJpaRepositories declared on SwaggerApplication: Not a managed type: class Domain.Entities.Profile
	at org.springframework.beans.factory.annotation.AutowiredAnnotationBeanPostProcessor$AutowiredFieldElement.resolveFieldValue(AutowiredAnnotationBeanPostProcessor.java:787)
	at org.springframework.beans.factory.annotation.AutowiredAnnotationBeanPostProcessor$AutowiredFieldElement.inject(AutowiredAnnotationBeanPostProcessor.java:767)
	at org.springframework.beans.factory.annotation.InjectionMetadata.inject(InjectionMetadata.java:145)
	at org.springframework.beans.factory.annotation.AutowiredAnnotationBeanPostProcessor.postProcessProperties(AutowiredAnnotationBeanPostProcessor.java:508)
	at org.springframework.beans.factory.support.AbstractAutowireCapableBeanFactory.populateBean(AbstractAutowireCapableBeanFactory.java:1419)
	at org.springframework.beans.factory.support.AbstractAutowireCapableBeanFactory.doCreateBean(AbstractAutowireCapableBeanFactory.java:599)
	at org.springframework.beans.factory.support.AbstractAutowireCapableBeanFactory.createBean(AbstractAutowireCapableBeanFactory.java:522)
	at org.springframework.beans.factory.support.AbstractBeanFactory.lambda$doGetBean$0(AbstractBeanFactory.java:326)
	at org.springframework.beans.factory.support.DefaultSingletonBeanRegistry.getSingleton(DefaultSingletonBeanRegistry.java:234)
	at org.springframework.beans.factory.support.AbstractBeanFactory.doGetBean(AbstractBeanFactory.java:324)
	at org.springframework.beans.factory.support.AbstractBeanFactory.getBean(AbstractBeanFactory.java:200)
	at org.springframework.beans.factory.config.DependencyDescriptor.resolveCandidate(DependencyDescriptor.java:254)
	at org.springframework.beans.factory.support.DefaultListableBeanFactory.doResolveDependency(DefaultListableBeanFactory.java:1443)
	at org.springframework.beans.factory.support.DefaultListableBeanFactory.resolveDependency(DefaultListableBeanFactory.java:1353)
	at org.springframework.beans.factory.support.ConstructorResolver.resolveAutowiredArgument(ConstructorResolver.java:904)
	at org.springframework.beans.factory.support.ConstructorResolver.createArgumentArray(ConstructorResolver.java:782)
	... 19 common frames omitted
Caused by: org.springframework.beans.factory.BeanCreationException: Error creating bean with name 'profileRepository' defined in Repository.ProfileRepository defined in @EnableJpaRepositories declared on SwaggerApplication: Not a managed type: class Domain.Entities.Profile
	at org.springframework.beans.factory.support.AbstractAutowireCapableBeanFactory.initializeBean(AbstractAutowireCapableBeanFactory.java:1786)
	at org.springframework.beans.factory.support.AbstractAutowireCapableBeanFactory.doCreateBean(AbstractAutowireCapableBeanFactory.java:600)
	at org.springframework.beans.factory.support.AbstractAutowireCapableBeanFactory.createBean(AbstractAutowireCapableBeanFactory.java:522)
	at org.springframework.beans.factory.support.AbstractBeanFactory.lambda$doGetBean$0(AbstractBeanFactory.java:326)
	at org.springframework.beans.factory.support.DefaultSingletonBeanRegistry.getSingleton(DefaultSingletonBeanRegistry.java:234)
	at org.springframework.beans.factory.support.AbstractBeanFactory.doGetBean(AbstractBeanFactory.java:324)
	at org.springframework.beans.factory.support.AbstractBeanFactory.getBean(AbstractBeanFactory.java:200)
	at org.springframework.beans.factory.config.DependencyDescriptor.resolveCandidate(DependencyDescriptor.java:254)
	at org.springframework.beans.factory.support.DefaultListableBeanFactory.doResolveDependency(DefaultListableBeanFactory.java:1443)
	at org.springframework.beans.factory.support.DefaultListableBeanFactory.resolveDependency(DefaultListableBeanFactory.java:1353)
	at org.springframework.beans.factory.annotation.AutowiredAnnotationBeanPostProcessor$AutowiredFieldElement.resolveFieldValue(AutowiredAnnotationBeanPostProcessor.java:784)
	... 34 common frames omitted
Caused by: java.lang.IllegalArgumentException: Not a managed type: class Domain.Entities.Profile
	at org.hibernate.metamodel.model.domain.internal.JpaMetamodelImpl.managedType(JpaMetamodelImpl.java:193)
	at org.hibernate.metamodel.model.domain.internal.MappingMetamodelImpl.managedType(MappingMetamodelImpl.java:468)
	at org.hibernate.metamodel.model.domain.internal.MappingMetamodelImpl.managedType(MappingMetamodelImpl.java:98)
	at org.springframework.data.jpa.repository.support.JpaMetamodelEntityInformation.<init>(JpaMetamodelEntityInformation.java:82)
	at org.springframework.data.jpa.repository.support.JpaEntityInformationSupport.getEntityInformation(JpaEntityInformationSupport.java:69)
	at org.springframework.data.jpa.repository.support.JpaRepositoryFactory.getEntityInformation(JpaRepositoryFactory.java:246)
	at org.springframework.data.jpa.repository.support.JpaRepositoryFactory.getTargetRepository(JpaRepositoryFactory.java:211)
	at org.springframework.data.jpa.repository.support.JpaRepositoryFactory.getTargetRepository(JpaRepositoryFactory.java:194)
	at org.springframework.data.jpa.repository.support.JpaRepositoryFactory.getTargetRepository(JpaRepositoryFactory.java:1)
	at org.springframework.data.repository.core.support.RepositoryFactorySupport.getRepository(RepositoryFactorySupport.java:317)
	at org.springframework.data.repository.core.support.RepositoryFactoryBeanSupport.lambda$afterPropertiesSet$5(RepositoryFactoryBeanSupport.java:279)
	at org.springframework.data.util.Lazy.getNullable(Lazy.java:135)
	at org.springframework.data.util.Lazy.get(Lazy.java:113)
	at org.springframework.data.repository.core.support.RepositoryFactoryBeanSupport.afterPropertiesSet(RepositoryFactoryBeanSupport.java:285)
	at org.springframework.data.jpa.repository.support.JpaRepositoryFactoryBean.afterPropertiesSet(JpaRepositoryFactoryBean.java:132)
	at org.springframework.beans.factory.support.AbstractAutowireCapableBeanFactory.invokeInitMethods(AbstractAutowireCapableBeanFactory.java:1833)
	at org.springframework.beans.factory.support.AbstractAutowireCapableBeanFactory.initializeBean(AbstractAutowireCapableBeanFactory.java:1782)
	... 44 common frames omitted
2026-05-04 14:59:12 INFO  I.SwaggerApplication : Starting SwaggerApplication using Java 26.0.1 with PID 7968 (C:\Users\kaua.moraes\Desktop\Library\library.backend\Library_Production\target\classes started by kaua.moraes in C:\Users\kaua.moraes\Desktop\Library\library.backend\Library_Production)
2026-05-04 14:59:12 INFO  I.SwaggerApplication : No active profile set, falling back to 1 default profile: "default"
2026-05-04 14:59:13 INFO  o.a.c.c.StandardService : Starting service [Tomcat]
2026-05-04 14:59:13 INFO  o.a.c.c.StandardEngine : Starting Servlet engine: [Apache Tomcat/10.1.20]
2026-05-04 14:59:14 INFO  o.a.c.c.C.[.[.[/] : Initializing Spring embedded WebApplicationContext
2026-05-04 14:59:14 INFO  c.z.h.HikariDataSource : HikariPool-1 - Starting...
2026-05-04 14:59:15 INFO  c.z.h.p.HikariPool : HikariPool-1 - Added connection com.mysql.cj.jdbc.ConnectionImpl@67b560fe
2026-05-04 14:59:15 INFO  c.z.h.HikariDataSource : HikariPool-1 - Start completed.
2026-05-04 14:59:17 INFO  I.SwaggerApplication : Started SwaggerApplication in 6.083 seconds (process running for 7.061)
2026-05-04 14:59:38 INFO  o.a.c.c.C.[.[.[/] : Initializing Spring DispatcherServlet 'dispatcherServlet'
2026-05-04 14:59:38 INFO  o.s.a.AbstractOpenApiResource : Init duration for springdoc-openapi is: 124 ms
2026-05-04 15:00:02 INFO  c.z.h.HikariDataSource : HikariPool-1 - Shutdown initiated...
2026-05-04 15:00:02 INFO  c.z.h.HikariDataSource : HikariPool-1 - Shutdown completed.
2026-05-04 15:03:39 INFO  I.SwaggerApplication : Starting SwaggerApplication using Java 26.0.1 with PID 9668 (C:\Users\kaua.moraes\Desktop\Library\library.backend\Library_Production\target\classes started by kaua.moraes in C:\Users\kaua.moraes\Desktop\Library\library.backend\Library_Production)
2026-05-04 15:03:39 INFO  I.SwaggerApplication : No active profile set, falling back to 1 default profile: "default"
2026-05-04 15:03:40 INFO  o.a.c.c.StandardService : Starting service [Tomcat]
2026-05-04 15:03:40 INFO  o.a.c.c.StandardEngine : Starting Servlet engine: [Apache Tomcat/10.1.20]
2026-05-04 15:03:40 INFO  o.a.c.c.C.[.[.[/] : Initializing Spring embedded WebApplicationContext
2026-05-04 15:03:41 INFO  c.z.h.HikariDataSource : HikariPool-1 - Starting...
2026-05-04 15:03:42 INFO  c.z.h.p.HikariPool : HikariPool-1 - Added connection com.mysql.cj.jdbc.ConnectionImpl@d504137
2026-05-04 15:03:42 INFO  c.z.h.HikariDataSource : HikariPool-1 - Start completed.
2026-05-04 15:03:44 INFO  I.SwaggerApplication : Started SwaggerApplication in 6.305 seconds (process running for 7.289)
2026-05-04 15:03:44 INFO  o.a.c.c.C.[.[.[/] : Initializing Spring DispatcherServlet 'dispatcherServlet'
2026-05-04 15:03:45 INFO  o.s.a.AbstractOpenApiResource : Init duration for springdoc-openapi is: 472 ms
2026-05-04 15:04:11 INFO  C.UserController : Chamando listagem de usuários do banco.
2026-05-04 15:04:11 INFO  A.UserService : Buscando todos os usuários no banco de dados
2026-05-04 15:17:12 INFO  c.z.h.HikariDataSource : HikariPool-1 - Shutdown initiated...
2026-05-04 15:17:12 INFO  c.z.h.HikariDataSource : HikariPool-1 - Shutdown completed.
2026-05-04 15:17:23 INFO  I.SwaggerApplication : Starting SwaggerApplication using Java 26.0.1 with PID 24456 (C:\Users\kaua.moraes\Desktop\Library\library.backend\Library_Production\target\classes started by kaua.moraes in C:\Users\kaua.moraes\Desktop\Library\library.backend\Library_Production)
2026-05-04 15:17:23 INFO  I.SwaggerApplication : No active profile set, falling back to 1 default profile: "default"
2026-05-04 15:17:24 INFO  o.a.c.c.StandardService : Starting service [Tomcat]
2026-05-04 15:17:24 INFO  o.a.c.c.StandardEngine : Starting Servlet engine: [Apache Tomcat/10.1.20]
2026-05-04 15:17:24 INFO  o.a.c.c.C.[.[.[/] : Initializing Spring embedded WebApplicationContext
2026-05-04 15:17:25 INFO  c.z.h.HikariDataSource : HikariPool-1 - Starting...
2026-05-04 15:17:26 INFO  c.z.h.p.HikariPool : HikariPool-1 - Added connection com.mysql.cj.jdbc.ConnectionImpl@7b4b8199
2026-05-04 15:17:26 INFO  c.z.h.HikariDataSource : HikariPool-1 - Start completed.
2026-05-04 15:17:28 INFO  I.SwaggerApplication : Started SwaggerApplication in 5.981 seconds (process running for 7.494)
2026-05-04 15:17:33 INFO  o.a.c.c.C.[.[.[/] : Initializing Spring DispatcherServlet 'dispatcherServlet'
2026-05-04 15:17:34 INFO  o.s.a.AbstractOpenApiResource : Init duration for springdoc-openapi is: 377 ms
2026-05-04 15:17:42 INFO  C.UserController : Chamando listagem de usuários do banco.
2026-05-04 15:18:30 INFO  c.z.h.HikariDataSource : HikariPool-1 - Shutdown initiated...
2026-05-04 15:18:30 INFO  c.z.h.HikariDataSource : HikariPool-1 - Shutdown completed.
2026-05-04 15:18:39 INFO  I.SwaggerApplication : Starting SwaggerApplication using Java 26.0.1 with PID 9968 (C:\Users\kaua.moraes\Desktop\Library\library.backend\Library_Production\target\classes started by kaua.moraes in C:\Users\kaua.moraes\Desktop\Library\library.backend\Library_Production)
2026-05-04 15:18:39 INFO  I.SwaggerApplication : No active profile set, falling back to 1 default profile: "default"
2026-05-04 15:18:41 INFO  o.a.c.c.StandardService : Starting service [Tomcat]
2026-05-04 15:18:41 INFO  o.a.c.c.StandardEngine : Starting Servlet engine: [Apache Tomcat/10.1.20]
2026-05-04 15:18:41 INFO  o.a.c.c.C.[.[.[/] : Initializing Spring embedded WebApplicationContext
2026-05-04 15:18:42 INFO  c.z.h.HikariDataSource : HikariPool-1 - Starting...
2026-05-04 15:18:42 INFO  c.z.h.p.HikariPool : HikariPool-1 - Added connection com.mysql.cj.jdbc.ConnectionImpl@6dded900
2026-05-04 15:18:42 INFO  c.z.h.HikariDataSource : HikariPool-1 - Start completed.
2026-05-04 15:18:45 INFO  I.SwaggerApplication : Started SwaggerApplication in 6.565 seconds (process running for 7.697)
2026-05-04 15:18:52 INFO  o.a.c.c.C.[.[.[/] : Initializing Spring DispatcherServlet 'dispatcherServlet'
2026-05-04 15:18:53 INFO  o.s.a.AbstractOpenApiResource : Init duration for springdoc-openapi is: 429 ms
2026-05-04 15:18:56 INFO  C.UserController : Chamando listagem de usuários do banco.
2026-05-04 15:21:33 INFO  c.z.h.HikariDataSource : HikariPool-1 - Shutdown initiated...
2026-05-04 15:21:33 INFO  c.z.h.HikariDataSource : HikariPool-1 - Shutdown completed.
2026-05-04 16:15:41 INFO  I.SwaggerApplication : Starting SwaggerApplication using Java 26.0.1 with PID 12128 (C:\Users\kaua.moraes\Desktop\Library\library.backend\Library_Production\target\classes started by kaua.moraes in C:\Users\kaua.moraes\Desktop\Library\library.backend\Library_Production)
2026-05-04 16:15:41 INFO  I.SwaggerApplication : No active profile set, falling back to 1 default profile: "default"
2026-05-04 16:15:44 INFO  o.a.c.c.StandardService : Starting service [Tomcat]
2026-05-04 16:15:44 INFO  o.a.c.c.StandardEngine : Starting Servlet engine: [Apache Tomcat/10.1.20]
2026-05-04 16:15:44 INFO  o.a.c.c.C.[.[.[/] : Initializing Spring embedded WebApplicationContext
2026-05-04 16:15:45 INFO  c.z.h.HikariDataSource : HikariPool-1 - Starting...
2026-05-04 16:15:45 INFO  c.z.h.p.HikariPool : HikariPool-1 - Added connection com.mysql.cj.jdbc.ConnectionImpl@5408d4b3
2026-05-04 16:15:45 INFO  c.z.h.HikariDataSource : HikariPool-1 - Start completed.
2026-05-04 16:15:48 INFO  I.SwaggerApplication : Started SwaggerApplication in 8.011 seconds (process running for 9.885)
2026-05-04 16:15:55 INFO  o.a.c.c.C.[.[.[/] : Initializing Spring DispatcherServlet 'dispatcherServlet'
2026-05-04 16:17:57 INFO  c.z.h.HikariDataSource : HikariPool-1 - Shutdown initiated...
2026-05-04 16:17:57 INFO  c.z.h.HikariDataSource : HikariPool-1 - Shutdown completed.
2026-05-04 16:18:06 INFO  I.SwaggerApplication : Starting SwaggerApplication using Java 26.0.1 with PID 23452 (C:\Users\kaua.moraes\Desktop\Library\library.backend\Library_Production\target\classes started by kaua.moraes in C:\Users\kaua.moraes\Desktop\Library\library.backend\Library_Production)
2026-05-04 16:18:06 INFO  I.SwaggerApplication : No active profile set, falling back to 1 default profile: "default"
2026-05-04 16:18:08 INFO  o.a.c.c.StandardService : Starting service [Tomcat]
2026-05-04 16:18:08 INFO  o.a.c.c.StandardEngine : Starting Servlet engine: [Apache Tomcat/10.1.20]
2026-05-04 16:18:08 INFO  o.a.c.c.C.[.[.[/] : Initializing Spring embedded WebApplicationContext
2026-05-04 16:18:09 INFO  c.z.h.HikariDataSource : HikariPool-1 - Starting...
2026-05-04 16:18:09 INFO  c.z.h.p.HikariPool : HikariPool-1 - Added connection com.mysql.cj.jdbc.ConnectionImpl@1a4083f6
2026-05-04 16:18:09 INFO  c.z.h.HikariDataSource : HikariPool-1 - Start completed.
2026-05-04 16:18:12 INFO  I.SwaggerApplication : Started SwaggerApplication in 6.322 seconds (process running for 7.471)
2026-05-04 16:18:18 INFO  o.a.c.c.C.[.[.[/] : Initializing Spring DispatcherServlet 'dispatcherServlet'
2026-05-04 16:18:29 INFO  o.s.a.AbstractOpenApiResource : Init duration for springdoc-openapi is: 446 ms
2026-05-04 16:20:40 INFO  c.z.h.HikariDataSource : HikariPool-1 - Shutdown initiated...
2026-05-04 16:20:40 INFO  c.z.h.HikariDataSource : HikariPool-1 - Shutdown completed.
2026-05-04 16:21:24 INFO  I.SwaggerApplication : Starting SwaggerApplication using Java 26.0.1 with PID 17268 (C:\Users\kaua.moraes\Desktop\Library\library.backend\Library_Production\target\classes started by kaua.moraes in C:\Users\kaua.moraes\Desktop\Library\library.backend\Library_Production)
2026-05-04 16:21:24 INFO  I.SwaggerApplication : No active profile set, falling back to 1 default profile: "default"
2026-05-04 16:21:26 INFO  o.a.c.c.StandardService : Starting service [Tomcat]
2026-05-04 16:21:26 INFO  o.a.c.c.StandardEngine : Starting Servlet engine: [Apache Tomcat/10.1.20]
2026-05-04 16:21:26 INFO  o.a.c.c.C.[.[.[/] : Initializing Spring embedded WebApplicationContext
2026-05-04 16:21:27 INFO  c.z.h.HikariDataSource : HikariPool-1 - Starting...
2026-05-04 16:21:27 INFO  c.z.h.p.HikariPool : HikariPool-1 - Added connection com.mysql.cj.jdbc.ConnectionImpl@45e11627
2026-05-04 16:21:27 INFO  c.z.h.HikariDataSource : HikariPool-1 - Start completed.
2026-05-04 16:21:30 INFO  I.SwaggerApplication : Started SwaggerApplication in 6.614 seconds (process running for 7.782)
2026-05-04 16:21:40 INFO  o.a.c.c.C.[.[.[/] : Initializing Spring DispatcherServlet 'dispatcherServlet'
2026-05-04 16:22:28 INFO  c.z.h.HikariDataSource : HikariPool-1 - Shutdown initiated...
2026-05-04 16:22:28 INFO  c.z.h.HikariDataSource : HikariPool-1 - Shutdown completed.
2026-05-04 16:22:36 INFO  I.SwaggerApplication : Starting SwaggerApplication using Java 26.0.1 with PID 2712 (C:\Users\kaua.moraes\Desktop\Library\library.backend\Library_Production\target\classes started by kaua.moraes in C:\Users\kaua.moraes\Desktop\Library\library.backend\Library_Production)
2026-05-04 16:22:36 INFO  I.SwaggerApplication : No active profile set, falling back to 1 default profile: "default"
2026-05-04 16:22:38 INFO  o.a.c.c.StandardService : Starting service [Tomcat]
2026-05-04 16:22:38 INFO  o.a.c.c.StandardEngine : Starting Servlet engine: [Apache Tomcat/10.1.20]
2026-05-04 16:22:38 INFO  o.a.c.c.C.[.[.[/] : Initializing Spring embedded WebApplicationContext
2026-05-04 16:22:39 INFO  c.z.h.HikariDataSource : HikariPool-1 - Starting...
2026-05-04 16:22:39 INFO  c.z.h.p.HikariPool : HikariPool-1 - Added connection com.mysql.cj.jdbc.ConnectionImpl@2707c790
2026-05-04 16:22:39 INFO  c.z.h.HikariDataSource : HikariPool-1 - Start completed.
2026-05-04 16:22:42 INFO  I.SwaggerApplication : Started SwaggerApplication in 6.884 seconds (process running for 7.922)
2026-05-04 16:22:53 INFO  o.a.c.c.C.[.[.[/] : Initializing Spring DispatcherServlet 'dispatcherServlet'
2026-05-04 16:23:26 INFO  c.z.h.HikariDataSource : HikariPool-1 - Shutdown initiated...
2026-05-04 16:23:26 INFO  c.z.h.HikariDataSource : HikariPool-1 - Shutdown completed.
2026-05-04 16:23:33 INFO  I.SwaggerApplication : Starting SwaggerApplication using Java 26.0.1 with PID 18832 (C:\Users\kaua.moraes\Desktop\Library\library.backend\Library_Production\target\classes started by kaua.moraes in C:\Users\kaua.moraes\Desktop\Library\library.backend\Library_Production)
2026-05-04 16:23:33 INFO  I.SwaggerApplication : No active profile set, falling back to 1 default profile: "default"
2026-05-04 16:23:35 INFO  o.a.c.c.StandardService : Starting service [Tomcat]
2026-05-04 16:23:35 INFO  o.a.c.c.StandardEngine : Starting Servlet engine: [Apache Tomcat/10.1.20]
2026-05-04 16:23:35 INFO  o.a.c.c.C.[.[.[/] : Initializing Spring embedded WebApplicationContext
2026-05-04 16:23:36 INFO  c.z.h.HikariDataSource : HikariPool-1 - Starting...
2026-05-04 16:23:36 INFO  c.z.h.p.HikariPool : HikariPool-1 - Added connection com.mysql.cj.jdbc.ConnectionImpl@3a88f6fb
2026-05-04 16:23:36 INFO  c.z.h.HikariDataSource : HikariPool-1 - Start completed.
2026-05-04 16:23:37 INFO  c.z.h.HikariDataSource : HikariPool-1 - Shutdown initiated...
2026-05-04 16:23:37 INFO  c.z.h.HikariDataSource : HikariPool-1 - Shutdown completed.
2026-05-04 16:23:37 INFO  o.a.c.c.StandardService : Stopping service [Tomcat]
2026-05-04 16:23:37 ERROR o.s.b.SpringApplication : Application run failed
org.springframework.beans.factory.UnsatisfiedDependencyException: Error creating bean with name 'profileController' defined in file [C:\Users\kaua.moraes\Desktop\Library\library.backend\Library_Production\target\classes\Controllers\ProfileController.class]: Unsatisfied dependency expressed through constructor parameter 0: Error creating bean with name 'profileAppService': Unsatisfied dependency expressed through field 'profileRepository': Error creating bean with name 'profileRepository' defined in Repository.ProfileRepository defined in @EnableJpaRepositories declared on SwaggerApplication: Not a managed type: class Domain.Entities.Profile
	at org.springframework.beans.factory.support.ConstructorResolver.createArgumentArray(ConstructorResolver.java:795)
	at org.springframework.beans.factory.support.ConstructorResolver.autowireConstructor(ConstructorResolver.java:237)
	at org.springframework.beans.factory.support.AbstractAutowireCapableBeanFactory.autowireConstructor(AbstractAutowireCapableBeanFactory.java:1355)
	at org.springframework.beans.factory.support.AbstractAutowireCapableBeanFactory.createBeanInstance(AbstractAutowireCapableBeanFactory.java:1192)
	at org.springframework.beans.factory.support.AbstractAutowireCapableBeanFactory.doCreateBean(AbstractAutowireCapableBeanFactory.java:562)
	at org.springframework.beans.factory.support.AbstractAutowireCapableBeanFactory.createBean(AbstractAutowireCapableBeanFactory.java:522)
	at org.springframework.beans.factory.support.AbstractBeanFactory.lambda$doGetBean$0(AbstractBeanFactory.java:326)
	at org.springframework.beans.factory.support.DefaultSingletonBeanRegistry.getSingleton(DefaultSingletonBeanRegistry.java:234)
	at org.springframework.beans.factory.support.AbstractBeanFactory.doGetBean(AbstractBeanFactory.java:324)
	at org.springframework.beans.factory.support.AbstractBeanFactory.getBean(AbstractBeanFactory.java:200)
	at org.springframework.beans.factory.support.DefaultListableBeanFactory.preInstantiateSingletons(DefaultListableBeanFactory.java:975)
	at org.springframework.context.support.AbstractApplicationContext.finishBeanFactoryInitialization(AbstractApplicationContext.java:962)
	at org.springframework.context.support.AbstractApplicationContext.refresh(AbstractApplicationContext.java:624)
	at org.springframework.boot.web.servlet.context.ServletWebServerApplicationContext.refresh(ServletWebServerApplicationContext.java:146)
	at org.springframework.boot.SpringApplication.refresh(SpringApplication.java:754)
	at org.springframework.boot.SpringApplication.refreshContext(SpringApplication.java:456)
	at org.springframework.boot.SpringApplication.run(SpringApplication.java:334)
	at org.springframework.boot.SpringApplication.run(SpringApplication.java:1354)
	at org.springframework.boot.SpringApplication.run(SpringApplication.java:1343)
	at Infra.SwaggerApplication.main(SwaggerApplication.java:13)
Caused by: org.springframework.beans.factory.UnsatisfiedDependencyException: Error creating bean with name 'profileAppService': Unsatisfied dependency expressed through field 'profileRepository': Error creating bean with name 'profileRepository' defined in Repository.ProfileRepository defined in @EnableJpaRepositories declared on SwaggerApplication: Not a managed type: class Domain.Entities.Profile
	at org.springframework.beans.factory.annotation.AutowiredAnnotationBeanPostProcessor$AutowiredFieldElement.resolveFieldValue(AutowiredAnnotationBeanPostProcessor.java:787)
	at org.springframework.beans.factory.annotation.AutowiredAnnotationBeanPostProcessor$AutowiredFieldElement.inject(AutowiredAnnotationBeanPostProcessor.java:767)
	at org.springframework.beans.factory.annotation.InjectionMetadata.inject(InjectionMetadata.java:145)
	at org.springframework.beans.factory.annotation.AutowiredAnnotationBeanPostProcessor.postProcessProperties(AutowiredAnnotationBeanPostProcessor.java:508)
	at org.springframework.beans.factory.support.AbstractAutowireCapableBeanFactory.populateBean(AbstractAutowireCapableBeanFactory.java:1419)
	at org.springframework.beans.factory.support.AbstractAutowireCapableBeanFactory.doCreateBean(AbstractAutowireCapableBeanFactory.java:599)
	at org.springframework.beans.factory.support.AbstractAutowireCapableBeanFactory.createBean(AbstractAutowireCapableBeanFactory.java:522)
	at org.springframework.beans.factory.support.AbstractBeanFactory.lambda$doGetBean$0(AbstractBeanFactory.java:326)
	at org.springframework.beans.factory.support.DefaultSingletonBeanRegistry.getSingleton(DefaultSingletonBeanRegistry.java:234)
	at org.springframework.beans.factory.support.AbstractBeanFactory.doGetBean(AbstractBeanFactory.java:324)
	at org.springframework.beans.factory.support.AbstractBeanFactory.getBean(AbstractBeanFactory.java:200)
	at org.springframework.beans.factory.config.DependencyDescriptor.resolveCandidate(DependencyDescriptor.java:254)
	at org.springframework.beans.factory.support.DefaultListableBeanFactory.doResolveDependency(DefaultListableBeanFactory.java:1443)
	at org.springframework.beans.factory.support.DefaultListableBeanFactory.resolveDependency(DefaultListableBeanFactory.java:1353)
	at org.springframework.beans.factory.support.ConstructorResolver.resolveAutowiredArgument(ConstructorResolver.java:904)
	at org.springframework.beans.factory.support.ConstructorResolver.createArgumentArray(ConstructorResolver.java:782)
	... 19 common frames omitted
Caused by: org.springframework.beans.factory.BeanCreationException: Error creating bean with name 'profileRepository' defined in Repository.ProfileRepository defined in @EnableJpaRepositories declared on SwaggerApplication: Not a managed type: class Domain.Entities.Profile
	at org.springframework.beans.factory.support.AbstractAutowireCapableBeanFactory.initializeBean(AbstractAutowireCapableBeanFactory.java:1786)
	at org.springframework.beans.factory.support.AbstractAutowireCapableBeanFactory.doCreateBean(AbstractAutowireCapableBeanFactory.java:600)
	at org.springframework.beans.factory.support.AbstractAutowireCapableBeanFactory.createBean(AbstractAutowireCapableBeanFactory.java:522)
	at org.springframework.beans.factory.support.AbstractBeanFactory.lambda$doGetBean$0(AbstractBeanFactory.java:326)
	at org.springframework.beans.factory.support.DefaultSingletonBeanRegistry.getSingleton(DefaultSingletonBeanRegistry.java:234)
	at org.springframework.beans.factory.support.AbstractBeanFactory.doGetBean(AbstractBeanFactory.java:324)
	at org.springframework.beans.factory.support.AbstractBeanFactory.getBean(AbstractBeanFactory.java:200)
	at org.springframework.beans.factory.config.DependencyDescriptor.resolveCandidate(DependencyDescriptor.java:254)
	at org.springframework.beans.factory.support.DefaultListableBeanFactory.doResolveDependency(DefaultListableBeanFactory.java:1443)
	at org.springframework.beans.factory.support.DefaultListableBeanFactory.resolveDependency(DefaultListableBeanFactory.java:1353)
	at org.springframework.beans.factory.annotation.AutowiredAnnotationBeanPostProcessor$AutowiredFieldElement.resolveFieldValue(AutowiredAnnotationBeanPostProcessor.java:784)
	... 34 common frames omitted
Caused by: java.lang.IllegalArgumentException: Not a managed type: class Domain.Entities.Profile
	at org.hibernate.metamodel.model.domain.internal.JpaMetamodelImpl.managedType(JpaMetamodelImpl.java:193)
	at org.hibernate.metamodel.model.domain.internal.MappingMetamodelImpl.managedType(MappingMetamodelImpl.java:468)
	at org.hibernate.metamodel.model.domain.internal.MappingMetamodelImpl.managedType(MappingMetamodelImpl.java:98)
	at org.springframework.data.jpa.repository.support.JpaMetamodelEntityInformation.<init>(JpaMetamodelEntityInformation.java:82)
	at org.springframework.data.jpa.repository.support.JpaEntityInformationSupport.getEntityInformation(JpaEntityInformationSupport.java:69)
	at org.springframework.data.jpa.repository.support.JpaRepositoryFactory.getEntityInformation(JpaRepositoryFactory.java:246)
	at org.springframework.data.jpa.repository.support.JpaRepositoryFactory.getTargetRepository(JpaRepositoryFactory.java:211)
	at org.springframework.data.jpa.repository.support.JpaRepositoryFactory.getTargetRepository(JpaRepositoryFactory.java:194)
	at org.springframework.data.jpa.repository.support.JpaRepositoryFactory.getTargetRepository(JpaRepositoryFactory.java:1)
	at org.springframework.data.repository.core.support.RepositoryFactorySupport.getRepository(RepositoryFactorySupport.java:317)
	at org.springframework.data.repository.core.support.RepositoryFactoryBeanSupport.lambda$afterPropertiesSet$5(RepositoryFactoryBeanSupport.java:279)
	at org.springframework.data.util.Lazy.getNullable(Lazy.java:135)
	at org.springframework.data.util.Lazy.get(Lazy.java:113)
	at org.springframework.data.repository.core.support.RepositoryFactoryBeanSupport.afterPropertiesSet(RepositoryFactoryBeanSupport.java:285)
	at org.springframework.data.jpa.repository.support.JpaRepositoryFactoryBean.afterPropertiesSet(JpaRepositoryFactoryBean.java:132)
	at org.springframework.beans.factory.support.AbstractAutowireCapableBeanFactory.invokeInitMethods(AbstractAutowireCapableBeanFactory.java:1833)
	at org.springframework.beans.factory.support.AbstractAutowireCapableBeanFactory.initializeBean(AbstractAutowireCapableBeanFactory.java:1782)
	... 44 common frames omitted
2026-05-04 16:23:47 INFO  I.SwaggerApplication : Starting SwaggerApplication using Java 26.0.1 with PID 23736 (C:\Users\kaua.moraes\Desktop\Library\library.backend\Library_Production\target\classes started by kaua.moraes in C:\Users\kaua.moraes\Desktop\Library\library.backend\Library_Production)
2026-05-04 16:23:47 INFO  I.SwaggerApplication : No active profile set, falling back to 1 default profile: "default"
2026-05-04 16:23:49 INFO  o.a.c.c.StandardService : Starting service [Tomcat]
2026-05-04 16:23:49 INFO  o.a.c.c.StandardEngine : Starting Servlet engine: [Apache Tomcat/10.1.20]
2026-05-04 16:23:49 INFO  o.a.c.c.C.[.[.[/] : Initializing Spring embedded WebApplicationContext
2026-05-04 16:23:50 INFO  c.z.h.HikariDataSource : HikariPool-1 - Starting...
2026-05-04 16:23:51 INFO  c.z.h.p.HikariPool : HikariPool-1 - Added connection com.mysql.cj.jdbc.ConnectionImpl@7ab33ca8
2026-05-04 16:23:51 INFO  c.z.h.HikariDataSource : HikariPool-1 - Start completed.
2026-05-04 16:23:51 INFO  c.z.h.HikariDataSource : HikariPool-1 - Shutdown initiated...
2026-05-04 16:23:51 INFO  c.z.h.HikariDataSource : HikariPool-1 - Shutdown completed.
2026-05-04 16:23:51 INFO  o.a.c.c.StandardService : Stopping service [Tomcat]
2026-05-04 16:23:52 ERROR o.s.b.SpringApplication : Application run failed
org.springframework.beans.factory.UnsatisfiedDependencyException: Error creating bean with name 'profileController' defined in file [C:\Users\kaua.moraes\Desktop\Library\library.backend\Library_Production\target\classes\Controllers\ProfileController.class]: Unsatisfied dependency expressed through constructor parameter 0: Error creating bean with name 'profileAppService': Unsatisfied dependency expressed through field 'profileRepository': Error creating bean with name 'profileRepository' defined in Repository.ProfileRepository defined in @EnableJpaRepositories declared on SwaggerApplication: Not a managed type: class Domain.Entities.Profile
	at org.springframework.beans.factory.support.ConstructorResolver.createArgumentArray(ConstructorResolver.java:795)
	at org.springframework.beans.factory.support.ConstructorResolver.autowireConstructor(ConstructorResolver.java:237)
	at org.springframework.beans.factory.support.AbstractAutowireCapableBeanFactory.autowireConstructor(AbstractAutowireCapableBeanFactory.java:1355)
	at org.springframework.beans.factory.support.AbstractAutowireCapableBeanFactory.createBeanInstance(AbstractAutowireCapableBeanFactory.java:1192)
	at org.springframework.beans.factory.support.AbstractAutowireCapableBeanFactory.doCreateBean(AbstractAutowireCapableBeanFactory.java:562)
	at org.springframework.beans.factory.support.AbstractAutowireCapableBeanFactory.createBean(AbstractAutowireCapableBeanFactory.java:522)
	at org.springframework.beans.factory.support.AbstractBeanFactory.lambda$doGetBean$0(AbstractBeanFactory.java:326)
	at org.springframework.beans.factory.support.DefaultSingletonBeanRegistry.getSingleton(DefaultSingletonBeanRegistry.java:234)
	at org.springframework.beans.factory.support.AbstractBeanFactory.doGetBean(AbstractBeanFactory.java:324)
	at org.springframework.beans.factory.support.AbstractBeanFactory.getBean(AbstractBeanFactory.java:200)
	at org.springframework.beans.factory.support.DefaultListableBeanFactory.preInstantiateSingletons(DefaultListableBeanFactory.java:975)
	at org.springframework.context.support.AbstractApplicationContext.finishBeanFactoryInitialization(AbstractApplicationContext.java:962)
	at org.springframework.context.support.AbstractApplicationContext.refresh(AbstractApplicationContext.java:624)
	at org.springframework.boot.web.servlet.context.ServletWebServerApplicationContext.refresh(ServletWebServerApplicationContext.java:146)
	at org.springframework.boot.SpringApplication.refresh(SpringApplication.java:754)
	at org.springframework.boot.SpringApplication.refreshContext(SpringApplication.java:456)
	at org.springframework.boot.SpringApplication.run(SpringApplication.java:334)
	at org.springframework.boot.SpringApplication.run(SpringApplication.java:1354)
	at org.springframework.boot.SpringApplication.run(SpringApplication.java:1343)
	at Infra.SwaggerApplication.main(SwaggerApplication.java:13)
Caused by: org.springframework.beans.factory.UnsatisfiedDependencyException: Error creating bean with name 'profileAppService': Unsatisfied dependency expressed through field 'profileRepository': Error creating bean with name 'profileRepository' defined in Repository.ProfileRepository defined in @EnableJpaRepositories declared on SwaggerApplication: Not a managed type: class Domain.Entities.Profile
	at org.springframework.beans.factory.annotation.AutowiredAnnotationBeanPostProcessor$AutowiredFieldElement.resolveFieldValue(AutowiredAnnotationBeanPostProcessor.java:787)
	at org.springframework.beans.factory.annotation.AutowiredAnnotationBeanPostProcessor$AutowiredFieldElement.inject(AutowiredAnnotationBeanPostProcessor.java:767)
	at org.springframework.beans.factory.annotation.InjectionMetadata.inject(InjectionMetadata.java:145)
	at org.springframework.beans.factory.annotation.AutowiredAnnotationBeanPostProcessor.postProcessProperties(AutowiredAnnotationBeanPostProcessor.java:508)
	at org.springframework.beans.factory.support.AbstractAutowireCapableBeanFactory.populateBean(AbstractAutowireCapableBeanFactory.java:1419)
	at org.springframework.beans.factory.support.AbstractAutowireCapableBeanFactory.doCreateBean(AbstractAutowireCapableBeanFactory.java:599)
	at org.springframework.beans.factory.support.AbstractAutowireCapableBeanFactory.createBean(AbstractAutowireCapableBeanFactory.java:522)
	at org.springframework.beans.factory.support.AbstractBeanFactory.lambda$doGetBean$0(AbstractBeanFactory.java:326)
	at org.springframework.beans.factory.support.DefaultSingletonBeanRegistry.getSingleton(DefaultSingletonBeanRegistry.java:234)
	at org.springframework.beans.factory.support.AbstractBeanFactory.doGetBean(AbstractBeanFactory.java:324)
	at org.springframework.beans.factory.support.AbstractBeanFactory.getBean(AbstractBeanFactory.java:200)
	at org.springframework.beans.factory.config.DependencyDescriptor.resolveCandidate(DependencyDescriptor.java:254)
	at org.springframework.beans.factory.support.DefaultListableBeanFactory.doResolveDependency(DefaultListableBeanFactory.java:1443)
	at org.springframework.beans.factory.support.DefaultListableBeanFactory.resolveDependency(DefaultListableBeanFactory.java:1353)
	at org.springframework.beans.factory.support.ConstructorResolver.resolveAutowiredArgument(ConstructorResolver.java:904)
	at org.springframework.beans.factory.support.ConstructorResolver.createArgumentArray(ConstructorResolver.java:782)
	... 19 common frames omitted
Caused by: org.springframework.beans.factory.BeanCreationException: Error creating bean with name 'profileRepository' defined in Repository.ProfileRepository defined in @EnableJpaRepositories declared on SwaggerApplication: Not a managed type: class Domain.Entities.Profile
	at org.springframework.beans.factory.support.AbstractAutowireCapableBeanFactory.initializeBean(AbstractAutowireCapableBeanFactory.java:1786)
	at org.springframework.beans.factory.support.AbstractAutowireCapableBeanFactory.doCreateBean(AbstractAutowireCapableBeanFactory.java:600)
	at org.springframework.beans.factory.support.AbstractAutowireCapableBeanFactory.createBean(AbstractAutowireCapableBeanFactory.java:522)
	at org.springframework.beans.factory.support.AbstractBeanFactory.lambda$doGetBean$0(AbstractBeanFactory.java:326)
	at org.springframework.beans.factory.support.DefaultSingletonBeanRegistry.getSingleton(DefaultSingletonBeanRegistry.java:234)
	at org.springframework.beans.factory.support.AbstractBeanFactory.doGetBean(AbstractBeanFactory.java:324)
	at org.springframework.beans.factory.support.AbstractBeanFactory.getBean(AbstractBeanFactory.java:200)
	at org.springframework.beans.factory.config.DependencyDescriptor.resolveCandidate(DependencyDescriptor.java:254)
	at org.springframework.beans.factory.support.DefaultListableBeanFactory.doResolveDependency(DefaultListableBeanFactory.java:1443)
	at org.springframework.beans.factory.support.DefaultListableBeanFactory.resolveDependency(DefaultListableBeanFactory.java:1353)
	at org.springframework.beans.factory.annotation.AutowiredAnnotationBeanPostProcessor$AutowiredFieldElement.resolveFieldValue(AutowiredAnnotationBeanPostProcessor.java:784)
	... 34 common frames omitted
Caused by: java.lang.IllegalArgumentException: Not a managed type: class Domain.Entities.Profile
	at org.hibernate.metamodel.model.domain.internal.JpaMetamodelImpl.managedType(JpaMetamodelImpl.java:193)
	at org.hibernate.metamodel.model.domain.internal.MappingMetamodelImpl.managedType(MappingMetamodelImpl.java:468)
	at org.hibernate.metamodel.model.domain.internal.MappingMetamodelImpl.managedType(MappingMetamodelImpl.java:98)
	at org.springframework.data.jpa.repository.support.JpaMetamodelEntityInformation.<init>(JpaMetamodelEntityInformation.java:82)
	at org.springframework.data.jpa.repository.support.JpaEntityInformationSupport.getEntityInformation(JpaEntityInformationSupport.java:69)
	at org.springframework.data.jpa.repository.support.JpaRepositoryFactory.getEntityInformation(JpaRepositoryFactory.java:246)
	at org.springframework.data.jpa.repository.support.JpaRepositoryFactory.getTargetRepository(JpaRepositoryFactory.java:211)
	at org.springframework.data.jpa.repository.support.JpaRepositoryFactory.getTargetRepository(JpaRepositoryFactory.java:194)
	at org.springframework.data.jpa.repository.support.JpaRepositoryFactory.getTargetRepository(JpaRepositoryFactory.java:1)
	at org.springframework.data.repository.core.support.RepositoryFactorySupport.getRepository(RepositoryFactorySupport.java:317)
	at org.springframework.data.repository.core.support.RepositoryFactoryBeanSupport.lambda$afterPropertiesSet$5(RepositoryFactoryBeanSupport.java:279)
	at org.springframework.data.util.Lazy.getNullable(Lazy.java:135)
	at org.springframework.data.util.Lazy.get(Lazy.java:113)
	at org.springframework.data.repository.core.support.RepositoryFactoryBeanSupport.afterPropertiesSet(RepositoryFactoryBeanSupport.java:285)
	at org.springframework.data.jpa.repository.support.JpaRepositoryFactoryBean.afterPropertiesSet(JpaRepositoryFactoryBean.java:132)
	at org.springframework.beans.factory.support.AbstractAutowireCapableBeanFactory.invokeInitMethods(AbstractAutowireCapableBeanFactory.java:1833)
	at org.springframework.beans.factory.support.AbstractAutowireCapableBeanFactory.initializeBean(AbstractAutowireCapableBeanFactory.java:1782)
	... 44 common frames omitted
2026-05-04 16:26:16 INFO  I.SwaggerApplication : Starting SwaggerApplication using Java 26.0.1 with PID 24180 (C:\Users\kaua.moraes\Desktop\Library\library.backend\Library_Production\target\classes started by kaua.moraes in C:\Users\kaua.moraes\Desktop\Library\library.backend\Library_Production)
2026-05-04 16:26:16 INFO  I.SwaggerApplication : No active profile set, falling back to 1 default profile: "default"
2026-05-04 16:26:18 INFO  o.a.c.c.StandardService : Starting service [Tomcat]
2026-05-04 16:26:18 INFO  o.a.c.c.StandardEngine : Starting Servlet engine: [Apache Tomcat/10.1.20]
2026-05-04 16:26:18 INFO  o.a.c.c.C.[.[.[/] : Initializing Spring embedded WebApplicationContext
2026-05-04 16:26:19 INFO  c.z.h.HikariDataSource : HikariPool-1 - Starting...
2026-05-04 16:26:19 INFO  c.z.h.p.HikariPool : HikariPool-1 - Added connection com.mysql.cj.jdbc.ConnectionImpl@c318864
2026-05-04 16:26:19 INFO  c.z.h.HikariDataSource : HikariPool-1 - Start completed.
2026-05-04 16:26:22 INFO  I.SwaggerApplication : Started SwaggerApplication in 6.635 seconds (process running for 7.77)
2026-05-04 16:26:30 INFO  o.a.c.c.C.[.[.[/] : Initializing Spring DispatcherServlet 'dispatcherServlet'
2026-05-04 18:48:49 INFO  c.z.h.HikariDataSource : HikariPool-1 - Shutdown initiated...
2026-05-04 18:48:49 INFO  c.z.h.HikariDataSource : HikariPool-1 - Shutdown completed.
2026-05-04 18:48:56 INFO  I.SwaggerApplication : Starting SwaggerApplication using Java 26.0.1 with PID 288 (C:\Users\kaua.moraes\Desktop\Library\library.backend\Library_Production\target\classes started by kaua.moraes in C:\Users\kaua.moraes\Desktop\Library\library.backend\Library_Production)
2026-05-04 18:48:56 INFO  I.SwaggerApplication : No active profile set, falling back to 1 default profile: "default"
2026-05-04 18:48:57 INFO  o.a.c.c.StandardService : Starting service [Tomcat]
2026-05-04 18:48:57 INFO  o.a.c.c.StandardEngine : Starting Servlet engine: [Apache Tomcat/10.1.20]
2026-05-04 18:48:57 INFO  o.a.c.c.C.[.[.[/] : Initializing Spring embedded WebApplicationContext
2026-05-04 18:48:58 INFO  c.z.h.HikariDataSource : HikariPool-1 - Starting...
2026-05-04 18:48:59 INFO  c.z.h.p.HikariPool : HikariPool-1 - Added connection com.mysql.cj.jdbc.ConnectionImpl@2d07aacc
2026-05-04 18:48:59 INFO  c.z.h.HikariDataSource : HikariPool-1 - Start completed.
2026-05-04 18:49:01 INFO  I.SwaggerApplication : Started SwaggerApplication in 6.207 seconds (process running for 9.37)
2026-05-04 18:49:05 INFO  o.a.c.c.C.[.[.[/] : Initializing Spring DispatcherServlet 'dispatcherServlet'
2026-05-04 18:49:39 INFO  c.z.h.HikariDataSource : HikariPool-1 - Shutdown initiated...
2026-05-04 18:49:39 INFO  c.z.h.HikariDataSource : HikariPool-1 - Shutdown completed.
2026-05-04 18:49:45 INFO  I.SwaggerApplication : Starting SwaggerApplication using Java 26.0.1 with PID 23600 (C:\Users\kaua.moraes\Desktop\Library\library.backend\Library_Production\target\classes started by kaua.moraes in C:\Users\kaua.moraes\Desktop\Library\library.backend\Library_Production)
2026-05-04 18:49:45 INFO  I.SwaggerApplication : No active profile set, falling back to 1 default profile: "default"
2026-05-04 18:49:47 INFO  o.a.c.c.StandardService : Starting service [Tomcat]
2026-05-04 18:49:47 INFO  o.a.c.c.StandardEngine : Starting Servlet engine: [Apache Tomcat/10.1.20]
2026-05-04 18:49:47 INFO  o.a.c.c.C.[.[.[/] : Initializing Spring embedded WebApplicationContext
2026-05-04 18:49:48 INFO  c.z.h.HikariDataSource : HikariPool-1 - Starting...
2026-05-04 18:49:48 INFO  c.z.h.p.HikariPool : HikariPool-1 - Added connection com.mysql.cj.jdbc.ConnectionImpl@2b395581
2026-05-04 18:49:48 INFO  c.z.h.HikariDataSource : HikariPool-1 - Start completed.
2026-05-04 18:49:49 INFO  c.z.h.HikariDataSource : HikariPool-1 - Shutdown initiated...
2026-05-04 18:49:49 INFO  c.z.h.HikariDataSource : HikariPool-1 - Shutdown completed.
2026-05-04 18:49:49 INFO  o.a.c.c.StandardService : Stopping service [Tomcat]
2026-05-04 18:49:49 ERROR o.s.b.SpringApplication : Application run failed
org.springframework.beans.factory.UnsatisfiedDependencyException: Error creating bean with name 'profileController' defined in file [C:\Users\kaua.moraes\Desktop\Library\library.backend\Library_Production\target\classes\Controllers\ProfileController.class]: Unsatisfied dependency expressed through constructor parameter 0: Error creating bean with name 'profileAppService': Unsatisfied dependency expressed through field 'profileRepository': Error creating bean with name 'profileRepository' defined in Repository.ProfileRepository defined in @EnableJpaRepositories declared on SwaggerApplication: Not a managed type: class Domain.Entities.Profile
	at org.springframework.beans.factory.support.ConstructorResolver.createArgumentArray(ConstructorResolver.java:795)
	at org.springframework.beans.factory.support.ConstructorResolver.autowireConstructor(ConstructorResolver.java:237)
	at org.springframework.beans.factory.support.AbstractAutowireCapableBeanFactory.autowireConstructor(AbstractAutowireCapableBeanFactory.java:1355)
	at org.springframework.beans.factory.support.AbstractAutowireCapableBeanFactory.createBeanInstance(AbstractAutowireCapableBeanFactory.java:1192)
	at org.springframework.beans.factory.support.AbstractAutowireCapableBeanFactory.doCreateBean(AbstractAutowireCapableBeanFactory.java:562)
	at org.springframework.beans.factory.support.AbstractAutowireCapableBeanFactory.createBean(AbstractAutowireCapableBeanFactory.java:522)
	at org.springframework.beans.factory.support.AbstractBeanFactory.lambda$doGetBean$0(AbstractBeanFactory.java:326)
	at org.springframework.beans.factory.support.DefaultSingletonBeanRegistry.getSingleton(DefaultSingletonBeanRegistry.java:234)
	at org.springframework.beans.factory.support.AbstractBeanFactory.doGetBean(AbstractBeanFactory.java:324)
	at org.springframework.beans.factory.support.AbstractBeanFactory.getBean(AbstractBeanFactory.java:200)
	at org.springframework.beans.factory.support.DefaultListableBeanFactory.preInstantiateSingletons(DefaultListableBeanFactory.java:975)
	at org.springframework.context.support.AbstractApplicationContext.finishBeanFactoryInitialization(AbstractApplicationContext.java:962)
	at org.springframework.context.support.AbstractApplicationContext.refresh(AbstractApplicationContext.java:624)
	at org.springframework.boot.web.servlet.context.ServletWebServerApplicationContext.refresh(ServletWebServerApplicationContext.java:146)
	at org.springframework.boot.SpringApplication.refresh(SpringApplication.java:754)
	at org.springframework.boot.SpringApplication.refreshContext(SpringApplication.java:456)
	at org.springframework.boot.SpringApplication.run(SpringApplication.java:334)
	at org.springframework.boot.SpringApplication.run(SpringApplication.java:1354)
	at org.springframework.boot.SpringApplication.run(SpringApplication.java:1343)
	at Infra.SwaggerApplication.main(SwaggerApplication.java:13)
Caused by: org.springframework.beans.factory.UnsatisfiedDependencyException: Error creating bean with name 'profileAppService': Unsatisfied dependency expressed through field 'profileRepository': Error creating bean with name 'profileRepository' defined in Repository.ProfileRepository defined in @EnableJpaRepositories declared on SwaggerApplication: Not a managed type: class Domain.Entities.Profile
	at org.springframework.beans.factory.annotation.AutowiredAnnotationBeanPostProcessor$AutowiredFieldElement.resolveFieldValue(AutowiredAnnotationBeanPostProcessor.java:787)
	at org.springframework.beans.factory.annotation.AutowiredAnnotationBeanPostProcessor$AutowiredFieldElement.inject(AutowiredAnnotationBeanPostProcessor.java:767)
	at org.springframework.beans.factory.annotation.InjectionMetadata.inject(InjectionMetadata.java:145)
	at org.springframework.beans.factory.annotation.AutowiredAnnotationBeanPostProcessor.postProcessProperties(AutowiredAnnotationBeanPostProcessor.java:508)
	at org.springframework.beans.factory.support.AbstractAutowireCapableBeanFactory.populateBean(AbstractAutowireCapableBeanFactory.java:1419)
	at org.springframework.beans.factory.support.AbstractAutowireCapableBeanFactory.doCreateBean(AbstractAutowireCapableBeanFactory.java:599)
	at org.springframework.beans.factory.support.AbstractAutowireCapableBeanFactory.createBean(AbstractAutowireCapableBeanFactory.java:522)
	at org.springframework.beans.factory.support.AbstractBeanFactory.lambda$doGetBean$0(AbstractBeanFactory.java:326)
	at org.springframework.beans.factory.support.DefaultSingletonBeanRegistry.getSingleton(DefaultSingletonBeanRegistry.java:234)
	at org.springframework.beans.factory.support.AbstractBeanFactory.doGetBean(AbstractBeanFactory.java:324)
	at org.springframework.beans.factory.support.AbstractBeanFactory.getBean(AbstractBeanFactory.java:200)
	at org.springframework.beans.factory.config.DependencyDescriptor.resolveCandidate(DependencyDescriptor.java:254)
	at org.springframework.beans.factory.support.DefaultListableBeanFactory.doResolveDependency(DefaultListableBeanFactory.java:1443)
	at org.springframework.beans.factory.support.DefaultListableBeanFactory.resolveDependency(DefaultListableBeanFactory.java:1353)
	at org.springframework.beans.factory.support.ConstructorResolver.resolveAutowiredArgument(ConstructorResolver.java:904)
	at org.springframework.beans.factory.support.ConstructorResolver.createArgumentArray(ConstructorResolver.java:782)
	... 19 common frames omitted
Caused by: org.springframework.beans.factory.BeanCreationException: Error creating bean with name 'profileRepository' defined in Repository.ProfileRepository defined in @EnableJpaRepositories declared on SwaggerApplication: Not a managed type: class Domain.Entities.Profile
	at org.springframework.beans.factory.support.AbstractAutowireCapableBeanFactory.initializeBean(AbstractAutowireCapableBeanFactory.java:1786)
	at org.springframework.beans.factory.support.AbstractAutowireCapableBeanFactory.doCreateBean(AbstractAutowireCapableBeanFactory.java:600)
	at org.springframework.beans.factory.support.AbstractAutowireCapableBeanFactory.createBean(AbstractAutowireCapableBeanFactory.java:522)
	at org.springframework.beans.factory.support.AbstractBeanFactory.lambda$doGetBean$0(AbstractBeanFactory.java:326)
	at org.springframework.beans.factory.support.DefaultSingletonBeanRegistry.getSingleton(DefaultSingletonBeanRegistry.java:234)
	at org.springframework.beans.factory.support.AbstractBeanFactory.doGetBean(AbstractBeanFactory.java:324)
	at org.springframework.beans.factory.support.AbstractBeanFactory.getBean(AbstractBeanFactory.java:200)
	at org.springframework.beans.factory.config.DependencyDescriptor.resolveCandidate(DependencyDescriptor.java:254)
	at org.springframework.beans.factory.support.DefaultListableBeanFactory.doResolveDependency(DefaultListableBeanFactory.java:1443)
	at org.springframework.beans.factory.support.DefaultListableBeanFactory.resolveDependency(DefaultListableBeanFactory.java:1353)
	at org.springframework.beans.factory.annotation.AutowiredAnnotationBeanPostProcessor$AutowiredFieldElement.resolveFieldValue(AutowiredAnnotationBeanPostProcessor.java:784)
	... 34 common frames omitted
Caused by: java.lang.IllegalArgumentException: Not a managed type: class Domain.Entities.Profile
	at org.hibernate.metamodel.model.domain.internal.JpaMetamodelImpl.managedType(JpaMetamodelImpl.java:193)
	at org.hibernate.metamodel.model.domain.internal.MappingMetamodelImpl.managedType(MappingMetamodelImpl.java:468)
	at org.hibernate.metamodel.model.domain.internal.MappingMetamodelImpl.managedType(MappingMetamodelImpl.java:98)
	at org.springframework.data.jpa.repository.support.JpaMetamodelEntityInformation.<init>(JpaMetamodelEntityInformation.java:82)
	at org.springframework.data.jpa.repository.support.JpaEntityInformationSupport.getEntityInformation(JpaEntityInformationSupport.java:69)
	at org.springframework.data.jpa.repository.support.JpaRepositoryFactory.getEntityInformation(JpaRepositoryFactory.java:246)
	at org.springframework.data.jpa.repository.support.JpaRepositoryFactory.getTargetRepository(JpaRepositoryFactory.java:211)
	at org.springframework.data.jpa.repository.support.JpaRepositoryFactory.getTargetRepository(JpaRepositoryFactory.java:194)
	at org.springframework.data.jpa.repository.support.JpaRepositoryFactory.getTargetRepository(JpaRepositoryFactory.java:1)
	at org.springframework.data.repository.core.support.RepositoryFactorySupport.getRepository(RepositoryFactorySupport.java:317)
	at org.springframework.data.repository.core.support.RepositoryFactoryBeanSupport.lambda$afterPropertiesSet$5(RepositoryFactoryBeanSupport.java:279)
	at org.springframework.data.util.Lazy.getNullable(Lazy.java:135)
	at org.springframework.data.util.Lazy.get(Lazy.java:113)
	at org.springframework.data.repository.core.support.RepositoryFactoryBeanSupport.afterPropertiesSet(RepositoryFactoryBeanSupport.java:285)
	at org.springframework.data.jpa.repository.support.JpaRepositoryFactoryBean.afterPropertiesSet(JpaRepositoryFactoryBean.java:132)
	at org.springframework.beans.factory.support.AbstractAutowireCapableBeanFactory.invokeInitMethods(AbstractAutowireCapableBeanFactory.java:1833)
	at org.springframework.beans.factory.support.AbstractAutowireCapableBeanFactory.initializeBean(AbstractAutowireCapableBeanFactory.java:1782)
	... 44 common frames omitted
2026-05-04 18:51:41 INFO  I.SwaggerApplication : Starting SwaggerApplication using Java 26.0.1 with PID 22252 (C:\Users\kaua.moraes\Desktop\Library\library.backend\Library_Production\target\classes started by kaua.moraes in C:\Users\kaua.moraes\Desktop\Library\library.backend\Library_Production)
2026-05-04 18:51:41 INFO  I.SwaggerApplication : No active profile set, falling back to 1 default profile: "default"
2026-05-04 18:51:43 INFO  o.a.c.c.StandardService : Starting service [Tomcat]
2026-05-04 18:51:43 INFO  o.a.c.c.StandardEngine : Starting Servlet engine: [Apache Tomcat/10.1.20]
2026-05-04 18:51:44 INFO  o.a.c.c.C.[.[.[/] : Initializing Spring embedded WebApplicationContext
2026-05-04 18:51:44 INFO  c.z.h.HikariDataSource : HikariPool-1 - Starting...
2026-05-04 18:51:45 INFO  c.z.h.p.HikariPool : HikariPool-1 - Added connection com.mysql.cj.jdbc.ConnectionImpl@acb5508
2026-05-04 18:51:45 INFO  c.z.h.HikariDataSource : HikariPool-1 - Start completed.
2026-05-04 18:51:47 INFO  I.SwaggerApplication : Started SwaggerApplication in 6.474 seconds (process running for 7.544)
2026-05-04 18:51:57 INFO  o.a.c.c.C.[.[.[/] : Initializing Spring DispatcherServlet 'dispatcherServlet'
2026-05-04 18:57:03 INFO  c.z.h.HikariDataSource : HikariPool-1 - Shutdown initiated...
2026-05-04 18:57:03 INFO  c.z.h.HikariDataSource : HikariPool-1 - Shutdown completed.
2026-05-04 18:57:12 INFO  I.SwaggerApplication : Starting SwaggerApplication using Java 26.0.1 with PID 12264 (C:\Users\kaua.moraes\Desktop\Library\library.backend\Library_Production\target\classes started by kaua.moraes in C:\Users\kaua.moraes\Desktop\Library\library.backend\Library_Production)
2026-05-04 18:57:12 INFO  I.SwaggerApplication : No active profile set, falling back to 1 default profile: "default"
2026-05-04 18:57:14 INFO  o.a.c.c.StandardService : Starting service [Tomcat]
2026-05-04 18:57:14 INFO  o.a.c.c.StandardEngine : Starting Servlet engine: [Apache Tomcat/10.1.20]
2026-05-04 18:57:14 INFO  o.a.c.c.C.[.[.[/] : Initializing Spring embedded WebApplicationContext
2026-05-04 18:57:15 INFO  c.z.h.HikariDataSource : HikariPool-1 - Starting...
2026-05-04 18:57:15 INFO  c.z.h.p.HikariPool : HikariPool-1 - Added connection com.mysql.cj.jdbc.ConnectionImpl@6f106af8
2026-05-04 18:57:15 INFO  c.z.h.HikariDataSource : HikariPool-1 - Start completed.
2026-05-04 18:57:17 INFO  I.SwaggerApplication : Started SwaggerApplication in 5.679 seconds (process running for 6.876)
2026-05-04 18:57:23 INFO  o.a.c.c.C.[.[.[/] : Initializing Spring DispatcherServlet 'dispatcherServlet'
2026-05-04 18:57:29 INFO  o.s.a.AbstractOpenApiResource : Init duration for springdoc-openapi is: 112 ms
2026-05-04 18:58:52 INFO  c.z.h.HikariDataSource : HikariPool-1 - Shutdown initiated...
2026-05-04 18:58:52 INFO  c.z.h.HikariDataSource : HikariPool-1 - Shutdown completed.
2026-05-04 18:59:03 INFO  I.SwaggerApplication : Starting SwaggerApplication using Java 26.0.1 with PID 22504 (C:\Users\kaua.moraes\Desktop\Library\library.backend\Library_Production\target\classes started by kaua.moraes in C:\Users\kaua.moraes\Desktop\Library\library.backend\Library_Production)
2026-05-04 18:59:03 INFO  I.SwaggerApplication : No active profile set, falling back to 1 default profile: "default"
2026-05-04 18:59:04 INFO  o.a.c.c.StandardService : Starting service [Tomcat]
2026-05-04 18:59:04 INFO  o.a.c.c.StandardEngine : Starting Servlet engine: [Apache Tomcat/10.1.20]
2026-05-04 18:59:04 INFO  o.a.c.c.C.[.[.[/] : Initializing Spring embedded WebApplicationContext
2026-05-04 18:59:05 INFO  c.z.h.HikariDataSource : HikariPool-1 - Starting...
2026-05-04 18:59:06 INFO  c.z.h.p.HikariPool : HikariPool-1 - Added connection com.mysql.cj.jdbc.ConnectionImpl@892af0e
2026-05-04 18:59:06 INFO  c.z.h.HikariDataSource : HikariPool-1 - Start completed.
2026-05-04 18:59:06 INFO  c.z.h.HikariDataSource : HikariPool-1 - Shutdown initiated...
2026-05-04 18:59:06 INFO  c.z.h.HikariDataSource : HikariPool-1 - Shutdown completed.
2026-05-04 18:59:06 INFO  o.a.c.c.StandardService : Stopping service [Tomcat]
2026-05-04 18:59:06 ERROR o.s.b.d.LoggingFailureAnalysisReporter : 

***************************
APPLICATION FAILED TO START
***************************

Description:

Field profileRepository in AppService.ProfileAppService required a bean of type 'Repository.ProfileRepository' that could not be found.


Action:

Consider defining a bean of type 'Repository.ProfileRepository' in your configuration.

2026-05-04 19:00:48 INFO  I.SwaggerApplication : Starting SwaggerApplication using Java 26.0.1 with PID 22036 (C:\Users\kaua.moraes\Desktop\Library\library.backend\Library_Production\target\classes started by kaua.moraes in C:\Users\kaua.moraes\Desktop\Library\library.backend\Library_Production)
2026-05-04 19:00:48 INFO  I.SwaggerApplication : No active profile set, falling back to 1 default profile: "default"
2026-05-04 19:00:50 INFO  o.a.c.c.StandardService : Starting service [Tomcat]
2026-05-04 19:00:50 INFO  o.a.c.c.StandardEngine : Starting Servlet engine: [Apache Tomcat/10.1.20]
2026-05-04 19:00:50 INFO  o.a.c.c.C.[.[.[/] : Initializing Spring embedded WebApplicationContext
2026-05-04 19:00:51 INFO  c.z.h.HikariDataSource : HikariPool-1 - Starting...
2026-05-04 19:00:51 INFO  c.z.h.p.HikariPool : HikariPool-1 - Added connection com.mysql.cj.jdbc.ConnectionImpl@3a3ad8e7
2026-05-04 19:00:51 INFO  c.z.h.HikariDataSource : HikariPool-1 - Start completed.
2026-05-04 19:00:54 INFO  I.SwaggerApplication : Started SwaggerApplication in 6.111 seconds (process running for 7.065)
2026-05-04 19:01:04 INFO  o.a.c.c.C.[.[.[/] : Initializing Spring DispatcherServlet 'dispatcherServlet'
2026-05-04 19:01:05 INFO  o.s.a.AbstractOpenApiResource : Init duration for springdoc-openapi is: 382 ms
2026-05-04 19:01:29 INFO  C.UserController : Chamando listagem de usuários do banco.
